Afghanistan,AFG,Female share of employment in senior and middle management (%),SL.EMP.SMGT.FE.ZS,..,..
Albania,ALB,Female share of employment in senior and middle management (%),SL.EMP.SMGT.FE.ZS,..,..
Algeria,DZA,Female share of employment in senior and middle management (%),SL.EMP.SMGT.FE.ZS,..,..
American Samoa,ASM,Female share of employment in senior and middle management (%),SL.EMP.SMGT.FE.ZS,..,..
Andorra,AND,Female share of employment in senior and middle management (%),SL.EMP.SMGT.FE.ZS,..,..
Angola,AGO,Female share of employment in senior and middle management (%),SL.EMP.SMGT.FE.ZS,..,..
Antigua and Barbuda,ATG,Female share of employment in senior and middle management (%),SL.EMP.SMGT.FE.ZS,..,..
Arab World,ARB,Female share of employment in senior and middle management (%),SL.EMP.SMGT.FE.ZS,..,..
Argentina,ARG,Female share of employment in senior and middle management (%),SL.EMP.SMGT.FE.ZS,29.41,..
Armenia,ARM,Female share of employment in senior and middle management (%),SL.EMP.SMGT.FE.ZS,..,..
Aruba,ABW,Female share of employment in senior and middle management (%),SL.EMP.SMGT.FE.ZS,..,..
Australia,AUS,Female share of employment in senior and middle management (%),SL.EMP.SMGT.FE.ZS,28.59,32.58
Austria,AUT,Female share of employment in senior and middle management (%),SL.EMP.SMGT.FE.ZS,20.96,29.52
Azerbaijan,AZE,Female share of employment in senior and middle management (%),SL.EMP.SMGT.FE.ZS,..,..
"Bahamas, The",BHS,Female share of employment in senior and middle management (%),SL.EMP.SMGT.FE.ZS,..,..
Bahrain,BHR,Female share of employment in senior and middle management (%),SL.EMP.SMGT.FE.ZS,..,..
Bangladesh,BGD,Female share of employment in senior and middle management (%),SL.EMP.SMGT.FE.ZS,..,..
Barbados,BRB,Female share of employment in senior and middle management (%),SL.EMP.SMGT.FE.ZS,..,..
Belarus,BLR,Female share of employment in senior and middle management (%),SL.EMP.SMGT.FE.ZS,..,..
Belgium,BEL,Female share of employment in senior and middle management (%),SL.EMP.SMGT.FE.ZS,31.13,31.98
Belize,BLZ,Female share of employment in senior and middle management (%),SL.EMP.SMGT.FE.ZS,..,36.36
Benin,BEN,Female share of employment in senior and middle management (%),SL.EMP.SMGT.FE.ZS,..,..
Bermuda,BMU,Female share of employment in senior and middle management (%),SL.EMP.SMGT.FE.ZS,..,..
Bhutan,BTN,Female share of employment in senior and middle management (%),SL.EMP.SMGT.FE.ZS,..,..
Bolivia,BOL,Female share of employment in senior and middle management (%),SL.EMP.SMGT.FE.ZS,..,..
Bosnia and Herzegovina,BIH,Female share of employment in senior and middle management (%),SL.EMP.SMGT.FE.ZS,..,..
Botswana,BWA,Female share of employment in senior and middle management (%),SL.EMP.SMGT.FE.ZS,..,..
Brazil,BRA,Female share of employment in senior and middle management (%),SL.EMP.SMGT.FE.ZS,..,38.23
British Virgin Islands,VGB,Female share of employment in senior and middle management (%),SL.EMP.SMGT.FE.ZS,..,..
Brunei Darussalam,BRN,Female share of employment in senior and middle management (%),SL.EMP.SMGT.FE.ZS,..,..
Bulgaria,BGR,Female share of employment in senior and middle management (%),SL.EMP.SMGT.FE.ZS,37.56,39.28
Burkina Faso,BFA,Female share of employment in senior and middle management (%),SL.EMP.SMGT.FE.ZS,..,..
Burundi,BDI,Female share of employment in senior and middle management (%),SL.EMP.SMGT.FE.ZS,..,..
Cabo Verde,CPV,Female share of employment in senior and middle management (%),SL.EMP.SMGT.FE.ZS,..,..
Cambodia,KHM,Female share of employment in senior and middle management (%),SL.EMP.SMGT.FE.ZS,..,..
Cameroon,CMR,Female share of employment in senior and middle management (%),SL.EMP.SMGT.FE.ZS,..,..
Canada,CAN,Female share of employment in senior and middle management (%),SL.EMP.SMGT.FE.ZS,..,..
Caribbean small states,CSS,Female share of employment in senior and middle management (%),SL.EMP.SMGT.FE.ZS,..,..
Cayman Islands,CYM,Female share of employment in senior and middle management (%),SL.EMP.SMGT.FE.ZS,..,..
Central African Republic,CAF,Female share of employment in senior and middle management (%),SL.EMP.SMGT.FE.ZS,..,..
Central Europe and the Baltics,CEB,Female share of employment in senior and middle management (%),SL.EMP.SMGT.FE.ZS,..,..
Chad,TCD,Female share of employment in senior and middle management (%),SL.EMP.SMGT.FE.ZS,..,..
Channel Islands,CHI,Female share of employment in senior and middle management (%),SL.EMP.SMGT.FE.ZS,..,..
Chile,CHL,Female share of employment in senior and middle management (%),SL.EMP.SMGT.FE.ZS,..,..
China,CHN,Female share of employment in senior and middle management (%),SL.EMP.SMGT.FE.ZS,..,..
Colombia,COL,Female share of employment in senior and middle management (%),SL.EMP.SMGT.FE.ZS,..,..
Comoros,COM,Female share of employment in senior and middle management (%),SL.EMP.SMGT.FE.ZS,..,..
"Congo, Dem. Rep.",COD,Female share of employment in senior and middle management (%),SL.EMP.SMGT.FE.ZS,..,..
"Congo, Rep.",COG,Female share of employment in senior and middle management (%),SL.EMP.SMGT.FE.ZS,..,..
Costa Rica,CRI,Female share of employment in senior and middle management (%),SL.EMP.SMGT.FE.ZS,..,..
Cote d'Ivoire,CIV,Female share of employment in senior and middle management (%),SL.EMP.SMGT.FE.ZS,..,..
Croatia,HRV,Female share of employment in senior and middle management (%),SL.EMP.SMGT.FE.ZS,27.47,29.5
Cuba,CUB,Female share of employment in senior and middle management (%),SL.EMP.SMGT.FE.ZS,..,..
Curacao,CUW,Female share of employment in senior and middle management (%),SL.EMP.SMGT.FE.ZS,..,..
Cyprus,CYP,Female share of employment in senior and middle management (%),SL.EMP.SMGT.FE.ZS,17.23,26.99
Czech Republic,CZE,Female share of employment in senior and middle management (%),SL.EMP.SMGT.FE.ZS,30.68,23.11
Denmark,DNK,Female share of employment in senior and middle management (%),SL.EMP.SMGT.FE.ZS,20.36,28.58
Djibouti,DJI,Female share of employment in senior and middle management (%),SL.EMP.SMGT.FE.ZS,..,..
Dominica,DMA,Female share of employment in senior and middle management (%),SL.EMP.SMGT.FE.ZS,..,..
Dominican Republic,DOM,Female share of employment in senior and middle management (%),SL.EMP.SMGT.FE.ZS,..,47.44
Early-demographic dividend,EAR,Female share of employment in senior and middle management (%),SL.EMP.SMGT.FE.ZS,..,..
East Asia & Pacific,EAS,Female share of employment in senior and middle management (%),SL.EMP.SMGT.FE.ZS,..,..
East Asia & Pacific (excluding high income),EAP,Female share of employment in senior and middle management (%),SL.EMP.SMGT.FE.ZS,..,..
East Asia & Pacific (IDA & IBRD countries),TEA,Female share of employment in senior and middle management (%),SL.EMP.SMGT.FE.ZS,..,..
Ecuador,ECU,Female share of employment in senior and middle management (%),SL.EMP.SMGT.FE.ZS,..,33.95
"Egypt, Arab Rep.",EGY,Female share of employment in senior and middle management (%),SL.EMP.SMGT.FE.ZS,..,..
El Salvador,SLV,Female share of employment in senior and middle management (%),SL.EMP.SMGT.FE.ZS,..,34.08
Equatorial Guinea,GNQ,Female share of employment in senior and middle management (%),SL.EMP.SMGT.FE.ZS,..,..
Eritrea,ERI,Female share of employment in senior and middle management (%),SL.EMP.SMGT.FE.ZS,..,..
Estonia,EST,Female share of employment in senior and middle management (%),SL.EMP.SMGT.FE.ZS,39.63,31.63
Ethiopia,ETH,Female share of employment in senior and middle management (%),SL.EMP.SMGT.FE.ZS,..,..
Euro area,EMU,Female share of employment in senior and middle management (%),SL.EMP.SMGT.FE.ZS,..,..
Europe & Central Asia,ECS,Female share of employment in senior and middle management (%),SL.EMP.SMGT.FE.ZS,..,..
Europe & Central Asia (excluding high income),ECA,Female share of employment in senior and middle management (%),SL.EMP.SMGT.FE.ZS,..,..
Europe & Central Asia (IDA & IBRD countries),TEC,Female share of employment in senior and middle management (%),SL.EMP.SMGT.FE.ZS,..,..
European Union,EUU,Female share of employment in senior and middle management (%),SL.EMP.SMGT.FE.ZS,..,..
Faroe Islands,FRO,Female share of employment in senior and middle management (%),SL.EMP.SMGT.FE.ZS,..,..
Fiji,FJI,Female share of employment in senior and middle management (%),SL.EMP.SMGT.FE.ZS,..,38.58
Finland,FIN,Female share of employment in senior and middle management (%),SL.EMP.SMGT.FE.ZS,33.85,34.06
Fragile and conflict affected situations,FCS,Female share of employment in senior and middle management (%),SL.EMP.SMGT.FE.ZS,..,..
France,FRA,Female share of employment in senior and middle management (%),SL.EMP.SMGT.FE.ZS,37,31.07
French Polynesia,PYF,Female share of employment in senior and middle management (%),SL.EMP.SMGT.FE.ZS,..,..
Gabon,GAB,Female share of employment in senior and middle management (%),SL.EMP.SMGT.FE.ZS,..,..
"Gambia, The",GMB,Female share of employment in senior and middle management (%),SL.EMP.SMGT.FE.ZS,..,..
Georgia,GEO,Female share of employment in senior and middle management (%),SL.EMP.SMGT.FE.ZS,..,..
Germany,DEU,Female share of employment in senior and middle management (%),SL.EMP.SMGT.FE.ZS,25.3,28.09
Ghana,GHA,Female share of employment in senior and middle management (%),SL.EMP.SMGT.FE.ZS,..,..
Gibraltar,GIB,Female share of employment in senior and middle management (%),SL.EMP.SMGT.FE.ZS,..,..
Greece,GRC,Female share of employment in senior and middle management (%),SL.EMP.SMGT.FE.ZS,22.49,24.66
Greenland,GRL,Female share of employment in senior and middle management (%),SL.EMP.SMGT.FE.ZS,..,..
Grenada,GRD,Female share of employment in senior and middle management (%),SL.EMP.SMGT.FE.ZS,..,..
Guam,GUM,Female share of employment in senior and middle management (%),SL.EMP.SMGT.FE.ZS,..,..
Guatemala,GTM,Female share of employment in senior and middle management (%),SL.EMP.SMGT.FE.ZS,..,39.17
Guinea,GIN,Female share of employment in senior and middle management (%),SL.EMP.SMGT.FE.ZS,..,..
Guinea-Bissau,GNB,Female share of employment in senior and middle management (%),SL.EMP.SMGT.FE.ZS,..,..
Guyana,GUY,Female share of employment in senior and middle management (%),SL.EMP.SMGT.FE.ZS,..,..
Haiti,HTI,Female share of employment in senior and middle management (%),SL.EMP.SMGT.FE.ZS,..,..
Heavily indebted poor countries (HIPC),HPC,Female share of employment in senior and middle management (%),SL.EMP.SMGT.FE.ZS,..,..
High income,HIC,Female share of employment in senior and middle management (%),SL.EMP.SMGT.FE.ZS,..,..
Honduras,HND,Female share of employment in senior and middle management (%),SL.EMP.SMGT.FE.ZS,..,41.08
"Hong Kong SAR, China",HKG,Female share of employment in senior and middle management (%),SL.EMP.SMGT.FE.ZS,..,..
Hungary,HUN,Female share of employment in senior and middle management (%),SL.EMP.SMGT.FE.ZS,40.94,37.72
IBRD only,IBD,Female share of employment in senior and middle management (%),SL.EMP.SMGT.FE.ZS,..,..
Iceland,ISL,Female share of employment in senior and middle management (%),SL.EMP.SMGT.FE.ZS,33.97,34.76
IDA & IBRD total,IBT,Female share of employment in senior and middle management (%),SL.EMP.SMGT.FE.ZS,..,..
IDA blend,IDB,Female share of employment in senior and middle management (%),SL.EMP.SMGT.FE.ZS,..,..
IDA only,IDX,Female share of employment in senior and middle management (%),SL.EMP.SMGT.FE.ZS,..,..
IDA total,IDA,Female share of employment in senior and middle management (%),SL.EMP.SMGT.FE.ZS,..,..
India,IND,Female share of employment in senior and middle management (%),SL.EMP.SMGT.FE.ZS,..,..
Indonesia,IDN,Female share of employment in senior and middle management (%),SL.EMP.SMGT.FE.ZS,..,..
"Iran, Islamic Rep.",IRN,Female share of employment in senior and middle management (%),SL.EMP.SMGT.FE.ZS,..,..
Iraq,IRQ,Female share of employment in senior and middle management (%),SL.EMP.SMGT.FE.ZS,..,..
Ireland,IRL,Female share of employment in senior and middle management (%),SL.EMP.SMGT.FE.ZS,41.42,30.96
Isle of Man,IMN,Female share of employment in senior and middle management (%),SL.EMP.SMGT.FE.ZS,..,..
Israel,ISR,Female share of employment in senior and middle management (%),SL.EMP.SMGT.FE.ZS,..,34.28
Italy,ITA,Female share of employment in senior and middle management (%),SL.EMP.SMGT.FE.ZS,21.77,22.04
Jamaica,JAM,Female share of employment in senior and middle management (%),SL.EMP.SMGT.FE.ZS,..,..
Japan,JPN,Female share of employment in senior and middle management (%),SL.EMP.SMGT.FE.ZS,..,..
Jordan,JOR,Female share of employment in senior and middle management (%),SL.EMP.SMGT.FE.ZS,..,..
Kazakhstan,KAZ,Female share of employment in senior and middle management (%),SL.EMP.SMGT.FE.ZS,..,..
Kenya,KEN,Female share of employment in senior and middle management (%),SL.EMP.SMGT.FE.ZS,..,..
Kiribati,KIR,Female share of employment in senior and middle management (%),SL.EMP.SMGT.FE.ZS,..,..
"Korea, Dem. People’s Rep.",PRK,Female share of employment in senior and middle management (%),SL.EMP.SMGT.FE.ZS,..,..
"Korea, Rep.",KOR,Female share of employment in senior and middle management (%),SL.EMP.SMGT.FE.ZS,..,..
Kosovo,XKX,Female share of employment in senior and middle management (%),SL.EMP.SMGT.FE.ZS,..,14.15
Kuwait,KWT,Female share of employment in senior and middle management (%),SL.EMP.SMGT.FE.ZS,..,..
Kyrgyz Republic,KGZ,Female share of employment in senior and middle management (%),SL.EMP.SMGT.FE.ZS,..,..
Lao PDR,LAO,Female share of employment in senior and middle management (%),SL.EMP.SMGT.FE.ZS,..,..
Late-demographic dividend,LTE,Female share of employment in senior and middle management (%),SL.EMP.SMGT.FE.ZS,..,..
Latin America & Caribbean,LCN,Female share of employment in senior and middle management (%),SL.EMP.SMGT.FE.ZS,..,..
Latin America & Caribbean (excluding high income),LAC,Female share of employment in senior and middle management (%),SL.EMP.SMGT.FE.ZS,..,..
Latin America & the Caribbean (IDA & IBRD countries),TLA,Female share of employment in senior and middle management (%),SL.EMP.SMGT.FE.ZS,..,..
Latvia,LVA,Female share of employment in senior and middle management (%),SL.EMP.SMGT.FE.ZS,40.86,46.3
Least developed countries: UN classification,LDC,Female share of employment in senior and middle management (%),SL.EMP.SMGT.FE.ZS,..,..
Lebanon,LBN,Female share of employment in senior and middle management (%),SL.EMP.SMGT.FE.ZS,..,..
Lesotho,LSO,Female share of employment in senior and middle management (%),SL.EMP.SMGT.FE.ZS,..,..
Liberia,LBR,Female share of employment in senior and middle management (%),SL.EMP.SMGT.FE.ZS,..,..
Libya,LBY,Female share of employment in senior and middle management (%),SL.EMP.SMGT.FE.ZS,..,..
Liechtenstein,LIE,Female share of employment in senior and middle management (%),SL.EMP.SMGT.FE.ZS,..,..
Lithuania,LTU,Female share of employment in senior and middle management (%),SL.EMP.SMGT.FE.ZS,42.76,38.82
Low & middle income,LMY,Female share of employment in senior and middle management (%),SL.EMP.SMGT.FE.ZS,..,..
Low income,LIC,Female share of employment in senior and middle management (%),SL.EMP.SMGT.FE.ZS,..,..
Lower middle income,LMC,Female share of employment in senior and middle management (%),SL.EMP.SMGT.FE.ZS,..,..
Luxembourg,LUX,Female share of employment in senior and middle management (%),SL.EMP.SMGT.FE.ZS,21.16,14.89
"Macao SAR, China",MAC,Female share of employment in senior and middle management (%),SL.EMP.SMGT.FE.ZS,..,..
"Macedonia, FYR",MKD,Female share of employment in senior and middle management (%),SL.EMP.SMGT.FE.ZS,23.56,27.27
Madagascar,MDG,Female share of employment in senior and middle management (%),SL.EMP.SMGT.FE.ZS,..,..
Malawi,MWI,Female share of employment in senior and middle management (%),SL.EMP.SMGT.FE.ZS,..,..
Malaysia,MYS,Female share of employment in senior and middle management (%),SL.EMP.SMGT.FE.ZS,..,20.8
Maldives,MDV,Female share of employment in senior and middle management (%),SL.EMP.SMGT.FE.ZS,..,..
Mali,MLI,Female share of employment in senior and middle management (%),SL.EMP.SMGT.FE.ZS,..,3.86
Malta,MLT,Female share of employment in senior and middle management (%),SL.EMP.SMGT.FE.ZS,19.93,28.98
Marshall Islands,MHL,Female share of employment in senior and middle management (%),SL.EMP.SMGT.FE.ZS,..,..
Mauritania,MRT,Female share of employment in senior and middle management (%),SL.EMP.SMGT.FE.ZS,..,..
Mauritius,MUS,Female share of employment in senior and middle management (%),SL.EMP.SMGT.FE.ZS,..,29.71
Mexico,MEX,Female share of employment in senior and middle management (%),SL.EMP.SMGT.FE.ZS,..,35.16
"Micronesia, Fed. Sts.",FSM,Female share of employment in senior and middle management (%),SL.EMP.SMGT.FE.ZS,..,..
Middle East & North Africa,MEA,Female share of employment in senior and middle management (%),SL.EMP.SMGT.FE.ZS,..,..
Middle East & North Africa (excluding high income),MNA,Female share of employment in senior and middle management (%),SL.EMP.SMGT.FE.ZS,..,..
Middle East & North Africa (IDA & IBRD countries),TMN,Female share of employment in senior and middle management (%),SL.EMP.SMGT.FE.ZS,..,..
Middle income,MIC,Female share of employment in senior and middle management (%),SL.EMP.SMGT.FE.ZS,..,..
Moldova,MDA,Female share of employment in senior and middle management (%),SL.EMP.SMGT.FE.ZS,..,..
Monaco,MCO,Female share of employment in senior and middle management (%),SL.EMP.SMGT.FE.ZS,..,..
Mongolia,MNG,Female share of employment in senior and middle management (%),SL.EMP.SMGT.FE.ZS,..,36.71
Montenegro,MNE,Female share of employment in senior and middle management (%),SL.EMP.SMGT.FE.ZS,..,..
Morocco,MAR,Female share of employment in senior and middle management (%),SL.EMP.SMGT.FE.ZS,..,..
Mozambique,MOZ,Female share of employment in senior and middle management (%),SL.EMP.SMGT.FE.ZS,..,..
Myanmar,MMR,Female share of employment in senior and middle management (%),SL.EMP.SMGT.FE.ZS,..,..
Namibia,NAM,Female share of employment in senior and middle management (%),SL.EMP.SMGT.FE.ZS,..,..
Nauru,NRU,Female share of employment in senior and middle management (%),SL.EMP.SMGT.FE.ZS,..,..
Nepal,NPL,Female share of employment in senior and middle management (%),SL.EMP.SMGT.FE.ZS,..,..
Netherlands,NLD,Female share of employment in senior and middle management (%),SL.EMP.SMGT.FE.ZS,25.15,24.53
New Caledonia,NCL,Female share of employment in senior and middle management (%),SL.EMP.SMGT.FE.ZS,..,..
New Zealand,NZL,Female share of employment in senior and middle management (%),SL.EMP.SMGT.FE.ZS,..,..
Nicaragua,NIC,Female share of employment in senior and middle management (%),SL.EMP.SMGT.FE.ZS,..,..
Niger,NER,Female share of employment in senior and middle management (%),SL.EMP.SMGT.FE.ZS,..,..
Nigeria,NGA,Female share of employment in senior and middle management (%),SL.EMP.SMGT.FE.ZS,..,..
North America,NAC,Female share of employment in senior and middle management (%),SL.EMP.SMGT.FE.ZS,..,..
Northern Mariana Islands,MNP,Female share of employment in senior and middle management (%),SL.EMP.SMGT.FE.ZS,..,..
Norway,NOR,Female share of employment in senior and middle management (%),SL.EMP.SMGT.FE.ZS,33.95,35.4
Not classified,INX,Female share of employment in senior and middle management (%),SL.EMP.SMGT.FE.ZS,..,..
OECD members,OED,Female share of employment in senior and middle management (%),SL.EMP.SMGT.FE.ZS,..,..
Oman,OMN,Female share of employment in senior and middle management (%),SL.EMP.SMGT.FE.ZS,..,..
Other small states,OSS,Female share of employment in senior and middle management (%),SL.EMP.SMGT.FE.ZS,..,..
Pacific island small states,PSS,Female share of employment in senior and middle management (%),SL.EMP.SMGT.FE.ZS,..,..
Pakistan,PAK,Female share of employment in senior and middle management (%),SL.EMP.SMGT.FE.ZS,..,3.95
Palau,PLW,Female share of employment in senior and middle management (%),SL.EMP.SMGT.FE.ZS,..,..
Panama,PAN,Female share of employment in senior and middle management (%),SL.EMP.SMGT.FE.ZS,..,43.44
Papua New Guinea,PNG,Female share of employment in senior and middle management (%),SL.EMP.SMGT.FE.ZS,..,..
Paraguay,PRY,Female share of employment in senior and middle management (%),SL.EMP.SMGT.FE.ZS,..,..
Peru,PER,Female share of employment in senior and middle management (%),SL.EMP.SMGT.FE.ZS,..,..
Philippines,PHL,Female share of employment in senior and middle management (%),SL.EMP.SMGT.FE.ZS,59.31,32.72
Poland,POL,Female share of employment in senior and middle management (%),SL.EMP.SMGT.FE.ZS,36.06,38.12
Portugal,PRT,Female share of employment in senior and middle management (%),SL.EMP.SMGT.FE.ZS,31.43,32.24
Post-demographic dividend,PST,Female share of employment in senior and middle management (%),SL.EMP.SMGT.FE.ZS,..,..
Pre-demographic dividend,PRE,Female share of employment in senior and middle management (%),SL.EMP.SMGT.FE.ZS,..,..
Puerto Rico,PRI,Female share of employment in senior and middle management (%),SL.EMP.SMGT.FE.ZS,..,..
Qatar,QAT,Female share of employment in senior and middle management (%),SL.EMP.SMGT.FE.ZS,..,..
Romania,ROU,Female share of employment in senior and middle management (%),SL.EMP.SMGT.FE.ZS,33.69,32.42
Russian Federation,RUS,Female share of employment in senior and middle management (%),SL.EMP.SMGT.FE.ZS,..,48.47
Rwanda,RWA,Female share of employment in senior and middle management (%),SL.EMP.SMGT.FE.ZS,..,..
Samoa,WSM,Female share of employment in senior and middle management (%),SL.EMP.SMGT.FE.ZS,..,..
San Marino,SMR,Female share of employment in senior and middle management (%),SL.EMP.SMGT.FE.ZS,..,..
Sao Tome and Principe,STP,Female share of employment in senior and middle management (%),SL.EMP.SMGT.FE.ZS,..,..
Saudi Arabia,SAU,Female share of employment in senior and middle management (%),SL.EMP.SMGT.FE.ZS,..,..
Senegal,SEN,Female share of employment in senior and middle management (%),SL.EMP.SMGT.FE.ZS,..,..
Serbia,SRB,Female share of employment in senior and middle management (%),SL.EMP.SMGT.FE.ZS,..,30.89
Seychelles,SYC,Female share of employment in senior and middle management (%),SL.EMP.SMGT.FE.ZS,..,..
Sierra Leone,SLE,Female share of employment in senior and middle management (%),SL.EMP.SMGT.FE.ZS,..,..
Singapore,SGP,Female share of employment in senior and middle management (%),SL.EMP.SMGT.FE.ZS,..,..
Sint Maarten (Dutch part),SXM,Female share of employment in senior and middle management (%),SL.EMP.SMGT.FE.ZS,..,..
Slovak Republic,SVK,Female share of employment in senior and middle management (%),SL.EMP.SMGT.FE.ZS,27.38,34.26
Slovenia,SVN,Female share of employment in senior and middle management (%),SL.EMP.SMGT.FE.ZS,41.97,41.77
Small states,SST,Female share of employment in senior and middle management (%),SL.EMP.SMGT.FE.ZS,..,..
Solomon Islands,SLB,Female share of employment in senior and middle management (%),SL.EMP.SMGT.FE.ZS,..,..
Somalia,SOM,Female share of employment in senior and middle management (%),SL.EMP.SMGT.FE.ZS,..,..
South Africa,ZAF,Female share of employment in senior and middle management (%),SL.EMP.SMGT.FE.ZS,..,..
South Asia,SAS,Female share of employment in senior and middle management (%),SL.EMP.SMGT.FE.ZS,..,..
South Asia (IDA & IBRD),TSA,Female share of employment in senior and middle management (%),SL.EMP.SMGT.FE.ZS,..,..
South Sudan,SSD,Female share of employment in senior and middle management (%),SL.EMP.SMGT.FE.ZS,..,..
Spain,ESP,Female share of employment in senior and middle management (%),SL.EMP.SMGT.FE.ZS,23.15,30.31
Sri Lanka,LKA,Female share of employment in senior and middle management (%),SL.EMP.SMGT.FE.ZS,..,..
St. Kitts and Nevis,KNA,Female share of employment in senior and middle management (%),SL.EMP.SMGT.FE.ZS,..,..
St. Lucia,LCA,Female share of employment in senior and middle management (%),SL.EMP.SMGT.FE.ZS,..,..
St. Martin (French part),MAF,Female share of employment in senior and middle management (%),SL.EMP.SMGT.FE.ZS,..,..
St. Vincent and the Grenadines,VCT,Female share of employment in senior and middle management (%),SL.EMP.SMGT.FE.ZS,..,..
Sub-Saharan Africa,SSF,Female share of employment in senior and middle management (%),SL.EMP.SMGT.FE.ZS,..,..
Sub-Saharan Africa (excluding high income),SSA,Female share of employment in senior and middle management (%),SL.EMP.SMGT.FE.ZS,..,..
Sub-Saharan Africa (IDA & IBRD countries),TSS,Female share of employment in senior and middle management (%),SL.EMP.SMGT.FE.ZS,..,..
Sudan,SDN,Female share of employment in senior and middle management (%),SL.EMP.SMGT.FE.ZS,..,..
Suriname,SUR,Female share of employment in senior and middle management (%),SL.EMP.SMGT.FE.ZS,..,..
Swaziland,SWZ,Female share of employment in senior and middle management (%),SL.EMP.SMGT.FE.ZS,..,..
Sweden,SWE,Female share of employment in senior and middle management (%),SL.EMP.SMGT.FE.ZS,31.74,39.51
Switzerland,CHE,Female share of employment in senior and middle management (%),SL.EMP.SMGT.FE.ZS,..,34.03
Syrian Arab Republic,SYR,Female share of employment in senior and middle management (%),SL.EMP.SMGT.FE.ZS,..,..
Tajikistan,TJK,Female share of employment in senior and middle management (%),SL.EMP.SMGT.FE.ZS,..,..
Tanzania,TZA,Female share of employment in senior and middle management (%),SL.EMP.SMGT.FE.ZS,..,..
Thailand,THA,Female share of employment in senior and middle management (%),SL.EMP.SMGT.FE.ZS,..,29.53
Timor-Leste,TLS,Female share of employment in senior and middle management (%),SL.EMP.SMGT.FE.ZS,..,..
Togo,TGO,Female share of employment in senior and middle management (%),SL.EMP.SMGT.FE.ZS,..,..
Tonga,TON,Female share of employment in senior and middle management (%),SL.EMP.SMGT.FE.ZS,..,..
Trinidad and Tobago,TTO,Female share of employment in senior and middle management (%),SL.EMP.SMGT.FE.ZS,..,..
Tunisia,TUN,Female share of employment in senior and middle management (%),SL.EMP.SMGT.FE.ZS,..,..
Turkey,TUR,Female share of employment in senior and middle management (%),SL.EMP.SMGT.FE.ZS,17.26,16.7
Turkmenistan,TKM,Female share of employment in senior and middle management (%),SL.EMP.SMGT.FE.ZS,..,..
Turks and Caicos Islands,TCA,Female share of employment in senior and middle management (%),SL.EMP.SMGT.FE.ZS,..,..
Tuvalu,TUV,Female share of employment in senior and middle management (%),SL.EMP.SMGT.FE.ZS,..,..
Uganda,UGA,Female share of employment in senior and middle management (%),SL.EMP.SMGT.FE.ZS,..,..
Ukraine,UKR,Female share of employment in senior and middle management (%),SL.EMP.SMGT.FE.ZS,..,42.38
United Arab Emirates,ARE,Female share of employment in senior and middle management (%),SL.EMP.SMGT.FE.ZS,..,..
United Kingdom,GBR,Female share of employment in senior and middle management (%),SL.EMP.SMGT.FE.ZS,34.26,33.81
United States,USA,Female share of employment in senior and middle management (%),SL.EMP.SMGT.FE.ZS,..,..
Upper middle income,UMC,Female share of employment in senior and middle management (%),SL.EMP.SMGT.FE.ZS,..,..
Uruguay,URY,Female share of employment in senior and middle management (%),SL.EMP.SMGT.FE.ZS,..,33.67
Uzbekistan,UZB,Female share of employment in senior and middle management (%),SL.EMP.SMGT.FE.ZS,..,..
Vanuatu,VUT,Female share of employment in senior and middle management (%),SL.EMP.SMGT.FE.ZS,..,..
"Venezuela, RB",VEN,Female share of employment in senior and middle management (%),SL.EMP.SMGT.FE.ZS,..,..
Vietnam,VNM,Female share of employment in senior and middle management (%),SL.EMP.SMGT.FE.ZS,..,..
Virgin Islands (U.S.),VIR,Female share of employment in senior and middle management (%),SL.EMP.SMGT.FE.ZS,..,..
West Bank and Gaza,PSE,Female share of employment in senior and middle management (%),SL.EMP.SMGT.FE.ZS,..,..
World,WLD,Female share of employment in senior and middle management (%),SL.EMP.SMGT.FE.ZS,..,..
"Yemen, Rep.",YEM,Female share of employment in senior and middle management (%),SL.EMP.SMGT.FE.ZS,..,..
Zambia,ZMB,Female share of employment in senior and middle management (%),SL.EMP.SMGT.FE.ZS,..,..
Zimbabwe,ZWE,Female share of employment in senior and middle management (%),SL.EMP.SMGT.FE.ZS,..,..
Afghanistan,AFG,GDP growth (annual %),NY.GDP.MKTP.KD.ZG,5.554138,2.366712
Albania,ALB,GDP growth (annual %),NY.GDP.MKTP.KD.ZG,5.431013,3.369989
Algeria,DZA,GDP growth (annual %),NY.GDP.MKTP.KD.ZG,1.684488,3.3
American Samoa,ASM,GDP growth (annual %),NY.GDP.MKTP.KD.ZG,-4.16667,-2.61941
Andorra,AND,GDP growth (annual %),NY.GDP.MKTP.KD.ZG,4.536353,1.232243
Angola,AGO,GDP growth (annual %),NY.GDP.MKTP.KD.ZG,20.73512,-0.66535
Antigua and Barbuda,ATG,GDP growth (annual %),NY.GDP.MKTP.KD.ZG,12.72851,5.342479
Arab World,ARB,GDP growth (annual %),NY.GDP.MKTP.KD.ZG,6.495336,3.221987
Argentina,ARG,GDP growth (annual %),NY.GDP.MKTP.KD.ZG,8.047152,-2.24534
Armenia,ARM,GDP growth (annual %),NY.GDP.MKTP.KD.ZG,13.198,0.2
Aruba,ABW,GDP growth (annual %),NY.GDP.MKTP.KD.ZG,2.355119,..
Australia,AUS,GDP growth (annual %),NY.GDP.MKTP.KD.ZG,2.978054,2.765773
Austria,AUT,GDP growth (annual %),NY.GDP.MKTP.KD.ZG,3.350831,1.450915
Azerbaijan,AZE,GDP growth (annual %),NY.GDP.MKTP.KD.ZG,34.5,-3.1
"Bahamas, The",BHS,GDP growth (annual %),NY.GDP.MKTP.KD.ZG,2.516864,0.165623
Bahrain,BHR,GDP growth (annual %),NY.GDP.MKTP.KD.ZG,6.468568,..
Bangladesh,BGD,GDP growth (annual %),NY.GDP.MKTP.KD.ZG,6.671868,7.113489
Barbados,BRB,GDP growth (annual %),NY.GDP.MKTP.KD.ZG,5.668591,2.043011
Belarus,BLR,GDP growth (annual %),NY.GDP.MKTP.KD.ZG,10,-2.64904
Belgium,BEL,GDP growth (annual %),NY.GDP.MKTP.KD.ZG,2.50614,1.466005
Belize,BLZ,GDP growth (annual %),NY.GDP.MKTP.KD.ZG,4.58256,-0.5943
Benin,BEN,GDP growth (annual %),NY.GDP.MKTP.KD.ZG,3.947014,3.981288
Bermuda,BMU,GDP growth (annual %),NY.GDP.MKTP.KD.ZG,5.543866,..
Bhutan,BTN,GDP growth (annual %),NY.GDP.MKTP.KD.ZG,6.849366,7.990705
Bolivia,BOL,GDP growth (annual %),NY.GDP.MKTP.KD.ZG,4.797009,4.263919
Bosnia and Herzegovina,BIH,GDP growth (annual %),NY.GDP.MKTP.KD.ZG,5.378477,3.05622
Botswana,BWA,GDP growth (annual %),NY.GDP.MKTP.KD.ZG,8.363871,4.291562
Brazil,BRA,GDP growth (annual %),NY.GDP.MKTP.KD.ZG,3.961903,-3.59474
British Virgin Islands,VGB,GDP growth (annual %),NY.GDP.MKTP.KD.ZG,..,..
Brunei Darussalam,BRN,GDP growth (annual %),NY.GDP.MKTP.KD.ZG,4.39772,-2.46551
Bulgaria,BGR,GDP growth (annual %),NY.GDP.MKTP.KD.ZG,6.753134,3.94107
Burkina Faso,BFA,GDP growth (annual %),NY.GDP.MKTP.KD.ZG,6.253159,5.915798
Burundi,BDI,GDP growth (annual %),NY.GDP.MKTP.KD.ZG,5.384657,-0.57043
Cabo Verde,CPV,GDP growth (annual %),NY.GDP.MKTP.KD.ZG,7.98375,3.918776
Cambodia,KHM,GDP growth (annual %),NY.GDP.MKTP.KD.ZG,10.77108,6.953094
Cameroon,CMR,GDP growth (annual %),NY.GDP.MKTP.KD.ZG,3.457669,4.450453
Canada,CAN,GDP growth (annual %),NY.GDP.MKTP.KD.ZG,2.623413,1.414103
Caribbean small states,CSS,GDP growth (annual %),NY.GDP.MKTP.KD.ZG,6.848479,-0.35083
Cayman Islands,CYM,GDP growth (annual %),NY.GDP.MKTP.KD.ZG,..,..
Central African Republic,CAF,GDP growth (annual %),NY.GDP.MKTP.KD.ZG,4.771085,4.531286
Central Europe and the Baltics,CEB,GDP growth (annual %),NY.GDP.MKTP.KD.ZG,6.561145,3.025802
Chad,TCD,GDP growth (annual %),NY.GDP.MKTP.KD.ZG,0.648262,-7
Channel Islands,CHI,GDP growth (annual %),NY.GDP.MKTP.KD.ZG,4.882299,..
Chile,CHL,GDP growth (annual %),NY.GDP.MKTP.KD.ZG,6.317176,1.589023
China,CHN,GDP growth (annual %),NY.GDP.MKTP.KD.ZG,12.71948,6.68935
Colombia,COL,GDP growth (annual %),NY.GDP.MKTP.KD.ZG,6.697515,1.96005
Comoros,COM,GDP growth (annual %),NY.GDP.MKTP.KD.ZG,2.6469,2.2
"Congo, Dem. Rep.",COD,GDP growth (annual %),NY.GDP.MKTP.KD.ZG,5.320981,2.4
"Congo, Rep.",COG,GDP growth (annual %),NY.GDP.MKTP.KD.ZG,6.235997,-1.86468
Costa Rica,CRI,GDP growth (annual %),NY.GDP.MKTP.KD.ZG,7.237733,4.328788
Cote d'Ivoire,CIV,GDP growth (annual %),NY.GDP.MKTP.KD.ZG,1.515842,8.335792
Croatia,HRV,GDP growth (annual %),NY.GDP.MKTP.KD.ZG,4.785121,2.982293
Cuba,CUB,GDP growth (annual %),NY.GDP.MKTP.KD.ZG,12.06586,..
Curacao,CUW,GDP growth (annual %),NY.GDP.MKTP.KD.ZG,..,..
Cyprus,CYP,GDP growth (annual %),NY.GDP.MKTP.KD.ZG,4.510183,3.032276
Czech Republic,CZE,GDP growth (annual %),NY.GDP.MKTP.KD.ZG,6.853522,2.593326
Denmark,DNK,GDP growth (annual %),NY.GDP.MKTP.KD.ZG,3.91298,1.964077
Djibouti,DJI,GDP growth (annual %),NY.GDP.MKTP.KD.ZG,4.799865,..
Dominica,DMA,GDP growth (annual %),NY.GDP.MKTP.KD.ZG,2.929688,2.638451
Dominican Republic,DOM,GDP growth (annual %),NY.GDP.MKTP.KD.ZG,10.67115,6.6453
Early-demographic dividend,EAR,GDP growth (annual %),NY.GDP.MKTP.KD.ZG,6.399778,4.498253
East Asia & Pacific,EAS,GDP growth (annual %),NY.GDP.MKTP.KD.ZG,5.545237,4.083274
East Asia & Pacific (excluding high income),EAP,GDP growth (annual %),NY.GDP.MKTP.KD.ZG,10.75764,6.324751
East Asia & Pacific (IDA & IBRD countries),TEA,GDP growth (annual %),NY.GDP.MKTP.KD.ZG,10.75896,6.3251
Ecuador,ECU,GDP growth (annual %),NY.GDP.MKTP.KD.ZG,4.403526,-1.57638
"Egypt, Arab Rep.",EGY,GDP growth (annual %),NY.GDP.MKTP.KD.ZG,6.853908,4.297683
El Salvador,SLV,GDP growth (annual %),NY.GDP.MKTP.KD.ZG,3.911949,2.366459
Equatorial Guinea,GNQ,GDP growth (annual %),NY.GDP.MKTP.KD.ZG,7.704918,-8.93046
Eritrea,ERI,GDP growth (annual %),NY.GDP.MKTP.KD.ZG,-0.96922,..
Estonia,EST,GDP growth (annual %),NY.GDP.MKTP.KD.ZG,10.27188,2.063263
Ethiopia,ETH,GDP growth (annual %),NY.GDP.MKTP.KD.ZG,10.83473,7.561767
Euro area,EMU,GDP growth (annual %),NY.GDP.MKTP.KD.ZG,3.233349,1.802372
Europe & Central Asia,ECS,GDP growth (annual %),NY.GDP.MKTP.KD.ZG,3.932622,1.818892
Europe & Central Asia (excluding high income),ECA,GDP growth (annual %),NY.GDP.MKTP.KD.ZG,8.055815,1.508609
Europe & Central Asia (IDA & IBRD countries),TEC,GDP growth (annual %),NY.GDP.MKTP.KD.ZG,7.819504,1.685254
European Union,EUU,GDP growth (annual %),NY.GDP.MKTP.KD.ZG,3.345248,1.954738
Faroe Islands,FRO,GDP growth (annual %),NY.GDP.MKTP.KD.ZG,..,..
Fiji,FJI,GDP growth (annual %),NY.GDP.MKTP.KD.ZG,1.852483,0.380004
Finland,FIN,GDP growth (annual %),NY.GDP.MKTP.KD.ZG,4.055197,2.135382
Fragile and conflict affected situations,FCS,GDP growth (annual %),NY.GDP.MKTP.KD.ZG,6.59708,5.445742
France,FRA,GDP growth (annual %),NY.GDP.MKTP.KD.ZG,2.374947,1.18765
French Polynesia,PYF,GDP growth (annual %),NY.GDP.MKTP.KD.ZG,..,..
Gabon,GAB,GDP growth (annual %),NY.GDP.MKTP.KD.ZG,-2.8066,2.261993
"Gambia, The",GMB,GDP growth (annual %),NY.GDP.MKTP.KD.ZG,1.1241,2.216334
Georgia,GEO,GDP growth (annual %),NY.GDP.MKTP.KD.ZG,9.383276,2.848973
Germany,DEU,GDP growth (annual %),NY.GDP.MKTP.KD.ZG,3.70016,1.943625
Ghana,GHA,GDP growth (annual %),NY.GDP.MKTP.KD.ZG,6.399912,3.576648
Gibraltar,GIB,GDP growth (annual %),NY.GDP.MKTP.KD.ZG,..,..
Greece,GRC,GDP growth (annual %),NY.GDP.MKTP.KD.ZG,5.652434,-0.24431
Greenland,GRL,GDP growth (annual %),NY.GDP.MKTP.KD.ZG,7.107168,..
Grenada,GRD,GDP growth (annual %),NY.GDP.MKTP.KD.ZG,-3.99268,3.683789
Guam,GUM,GDP growth (annual %),NY.GDP.MKTP.KD.ZG,-3.82864,0.347356
Guatemala,GTM,GDP growth (annual %),NY.GDP.MKTP.KD.ZG,5.379777,3.066719
Guinea,GIN,GDP growth (annual %),NY.GDP.MKTP.KD.ZG,2.496729,6.627041
Guinea-Bissau,GNB,GDP growth (annual %),NY.GDP.MKTP.KD.ZG,2.30975,5.756852
Guyana,GUY,GDP growth (annual %),NY.GDP.MKTP.KD.ZG,5.129795,3.355971
Haiti,HTI,GDP growth (annual %),NY.GDP.MKTP.KD.ZG,2.249222,1.439908
Heavily indebted poor countries (HIPC),HPC,GDP growth (annual %),NY.GDP.MKTP.KD.ZG,6.097739,4.458551
High income,HIC,GDP growth (annual %),NY.GDP.MKTP.KD.ZG,2.993818,1.674201
Honduras,HND,GDP growth (annual %),NY.GDP.MKTP.KD.ZG,6.567244,3.609524
"Hong Kong SAR, China",HKG,GDP growth (annual %),NY.GDP.MKTP.KD.ZG,7.032667,2.045624
Hungary,HUN,GDP growth (annual %),NY.GDP.MKTP.KD.ZG,3.851173,2.213187
IBRD only,IBD,GDP growth (annual %),NY.GDP.MKTP.KD.ZG,8.07148,4.041273
Iceland,ISL,GDP growth (annual %),NY.GDP.MKTP.KD.ZG,5.000661,7.48145
IDA & IBRD total,IBT,GDP growth (annual %),NY.GDP.MKTP.KD.ZG,7.985634,3.983898
IDA blend,IDB,GDP growth (annual %),NY.GDP.MKTP.KD.ZG,6.847902,1.593015
IDA only,IDX,GDP growth (annual %),NY.GDP.MKTP.KD.ZG,6.668346,4.827517
IDA total,IDA,GDP growth (annual %),NY.GDP.MKTP.KD.ZG,6.761852,3.172137
India,IND,GDP growth (annual %),NY.GDP.MKTP.KD.ZG,9.263965,7.107034
Indonesia,IDN,GDP growth (annual %),NY.GDP.MKTP.KD.ZG,5.500952,5.015558
"Iran, Islamic Rep.",IRN,GDP growth (annual %),NY.GDP.MKTP.KD.ZG,4.999795,13.39624
Iraq,IRQ,GDP growth (annual %),NY.GDP.MKTP.KD.ZG,10.1582,11
Ireland,IRL,GDP growth (annual %),NY.GDP.MKTP.KD.ZG,5.521653,5.14146
Isle of Man,IMN,GDP growth (annual %),NY.GDP.MKTP.KD.ZG,7.700001,..
Israel,ISR,GDP growth (annual %),NY.GDP.MKTP.KD.ZG,5.210821,4.094336
Italy,ITA,GDP growth (annual %),NY.GDP.MKTP.KD.ZG,2.006587,0.858263
Jamaica,JAM,GDP growth (annual %),NY.GDP.MKTP.KD.ZG,2.899125,1.373527
Japan,JPN,GDP growth (annual %),NY.GDP.MKTP.KD.ZG,1.419984,0.938194
Jordan,JOR,GDP growth (annual %),NY.GDP.MKTP.KD.ZG,8.093331,2.003734
Kazakhstan,KAZ,GDP growth (annual %),NY.GDP.MKTP.KD.ZG,10.7,1.1
Kenya,KEN,GDP growth (annual %),NY.GDP.MKTP.KD.ZG,6.472494,5.848665
Kiribati,KIR,GDP growth (annual %),NY.GDP.MKTP.KD.ZG,-1.581,1.14025
"Korea, Dem. People’s Rep.",PRK,GDP growth (annual %),NY.GDP.MKTP.KD.ZG,..,..
"Korea, Rep.",KOR,GDP growth (annual %),NY.GDP.MKTP.KD.ZG,5.176154,2.827722
Kosovo,XKX,GDP growth (annual %),NY.GDP.MKTP.KD.ZG,4.503032,3.398098
Kuwait,KWT,GDP growth (annual %),NY.GDP.MKTP.KD.ZG,7.520249,3.547005
Kyrgyz Republic,KGZ,GDP growth (annual %),NY.GDP.MKTP.KD.ZG,3.102899,3.826482
Lao PDR,LAO,GDP growth (annual %),NY.GDP.MKTP.KD.ZG,8.619266,7.023092
Late-demographic dividend,LTE,GDP growth (annual %),NY.GDP.MKTP.KD.ZG,8.745474,3.667508
Latin America & Caribbean,LCN,GDP growth (annual %),NY.GDP.MKTP.KD.ZG,5.378089,-0.68549
Latin America & Caribbean (excluding high income),LAC,GDP growth (annual %),NY.GDP.MKTP.KD.ZG,5.492046,-0.78876
Latin America & the Caribbean (IDA & IBRD countries),TLA,GDP growth (annual %),NY.GDP.MKTP.KD.ZG,5.475437,-0.65454
Latvia,LVA,GDP growth (annual %),NY.GDP.MKTP.KD.ZG,11.88939,2.213152
Least developed countries: UN classification,LDC,GDP growth (annual %),NY.GDP.MKTP.KD.ZG,8.39739,4.089875
Lebanon,LBN,GDP growth (annual %),NY.GDP.MKTP.KD.ZG,1.556479,2
Lesotho,LSO,GDP growth (annual %),NY.GDP.MKTP.KD.ZG,4.230095,2.397154
Liberia,LBR,GDP growth (annual %),NY.GDP.MKTP.KD.ZG,8.043162,-1.6
Libya,LBY,GDP growth (annual %),NY.GDP.MKTP.KD.ZG,6.500547,..
Liechtenstein,LIE,GDP growth (annual %),NY.GDP.MKTP.KD.ZG,8.64497,..
Lithuania,LTU,GDP growth (annual %),NY.GDP.MKTP.KD.ZG,7.406444,2.344881
Low & middle income,LMY,GDP growth (annual %),NY.GDP.MKTP.KD.ZG,8.059741,4.042926
Low income,LIC,GDP growth (annual %),NY.GDP.MKTP.KD.ZG,5.074154,4.183776
Lower middle income,LMC,GDP growth (annual %),NY.GDP.MKTP.KD.ZG,7.602626,5.086217
Luxembourg,LUX,GDP growth (annual %),NY.GDP.MKTP.KD.ZG,5.178486,3.082643
"Macao SAR, China",MAC,GDP growth (annual %),NY.GDP.MKTP.KD.ZG,13.31393,-0.86303
"Macedonia, FYR",MKD,GDP growth (annual %),NY.GDP.MKTP.KD.ZG,5.137025,2.405918
Madagascar,MDG,GDP growth (annual %),NY.GDP.MKTP.KD.ZG,5.022607,4.17999
Malawi,MWI,GDP growth (annual %),NY.GDP.MKTP.KD.ZG,4.7,2.484041
Malaysia,MYS,GDP growth (annual %),NY.GDP.MKTP.KD.ZG,5.584847,4.219851
Maldives,MDV,GDP growth (annual %),NY.GDP.MKTP.KD.ZG,26.11149,6.163158
Mali,MLI,GDP growth (annual %),NY.GDP.MKTP.KD.ZG,4.662187,5.8
Malta,MLT,GDP growth (annual %),NY.GDP.MKTP.KD.ZG,1.828717,5.516617
Marshall Islands,MHL,GDP growth (annual %),NY.GDP.MKTP.KD.ZG,1.436703,1.910495
Mauritania,MRT,GDP growth (annual %),NY.GDP.MKTP.KD.ZG,18.8691,2
Mauritius,MUS,GDP growth (annual %),NY.GDP.MKTP.KD.ZG,8.538256,3.8
Mexico,MEX,GDP growth (annual %),NY.GDP.MKTP.KD.ZG,4.944514,2.285861
"Micronesia, Fed. Sts.",FSM,GDP growth (annual %),NY.GDP.MKTP.KD.ZG,-0.13072,-0.06376
Middle East & North Africa,MEA,GDP growth (annual %),NY.GDP.MKTP.KD.ZG,6.001727,4.887546
Middle East & North Africa (excluding high income),MNA,GDP growth (annual %),NY.GDP.MKTP.KD.ZG,5.488855,7.551503
Middle East & North Africa (IDA & IBRD countries),TMN,GDP growth (annual %),NY.GDP.MKTP.KD.ZG,5.551408,7.579924
Middle income,MIC,GDP growth (annual %),NY.GDP.MKTP.KD.ZG,8.099205,4.041
Moldova,MDA,GDP growth (annual %),NY.GDP.MKTP.KD.ZG,4.8,4.1
Monaco,MCO,GDP growth (annual %),NY.GDP.MKTP.KD.ZG,5.049346,..
Mongolia,MNG,GDP growth (annual %),NY.GDP.MKTP.KD.ZG,8.556235,1.243203
Montenegro,MNE,GDP growth (annual %),NY.GDP.MKTP.KD.ZG,8.566243,2.949342
Morocco,MAR,GDP growth (annual %),NY.GDP.MKTP.KD.ZG,7.574632,1.222444
Mozambique,MOZ,GDP growth (annual %),NY.GDP.MKTP.KD.ZG,9.851055,3.849036
Myanmar,MMR,GDP growth (annual %),NY.GDP.MKTP.KD.ZG,13.0761,5.871982
Namibia,NAM,GDP growth (annual %),NY.GDP.MKTP.KD.ZG,7.073175,1.081512
Nauru,NRU,GDP growth (annual %),NY.GDP.MKTP.KD.ZG,..,10.4
Nepal,NPL,GDP growth (annual %),NY.GDP.MKTP.KD.ZG,3.364615,0.412892
Netherlands,NLD,GDP growth (annual %),NY.GDP.MKTP.KD.ZG,3.518637,2.209942
New Caledonia,NCL,GDP growth (annual %),NY.GDP.MKTP.KD.ZG,..,..
New Zealand,NZL,GDP growth (annual %),NY.GDP.MKTP.KD.ZG,2.80414,3.054049
Nicaragua,NIC,GDP growth (annual %),NY.GDP.MKTP.KD.ZG,3.804865,4.702181
Niger,NER,GDP growth (annual %),NY.GDP.MKTP.KD.ZG,5.8,5.035855
Nigeria,NGA,GDP growth (annual %),NY.GDP.MKTP.KD.ZG,8.210965,-1.61687
North America,NAC,GDP growth (annual %),NY.GDP.MKTP.KD.ZG,2.663507,1.478335
Northern Mariana Islands,MNP,GDP growth (annual %),NY.GDP.MKTP.KD.ZG,-6.89103,28.60606
Norway,NOR,GDP growth (annual %),NY.GDP.MKTP.KD.ZG,2.395092,1.091465
Not classified,INX,GDP growth (annual %),NY.GDP.MKTP.KD.ZG,..,..
OECD members,OED,GDP growth (annual %),NY.GDP.MKTP.KD.ZG,2.949929,1.713684
Oman,OMN,GDP growth (annual %),NY.GDP.MKTP.KD.ZG,5.372068,..
Other small states,OSS,GDP growth (annual %),NY.GDP.MKTP.KD.ZG,10.74604,2.102339
Pacific island small states,PSS,GDP growth (annual %),NY.GDP.MKTP.KD.ZG,2.415061,2.070135
Pakistan,PAK,GDP growth (annual %),NY.GDP.MKTP.KD.ZG,6.177542,5.471629
Palau,PLW,GDP growth (annual %),NY.GDP.MKTP.KD.ZG,-2.63534,1.933353
Panama,PAN,GDP growth (annual %),NY.GDP.MKTP.KD.ZG,8.652466,4.882003
Papua New Guinea,PNG,GDP growth (annual %),NY.GDP.MKTP.KD.ZG,2.294466,2.396343
Paraguay,PRY,GDP growth (annual %),NY.GDP.MKTP.KD.ZG,4.80712,4.019555
Peru,PER,GDP growth (annual %),NY.GDP.MKTP.KD.ZG,7.528899,3.882497
Philippines,PHL,GDP growth (annual %),NY.GDP.MKTP.KD.ZG,5.242953,6.923898
Poland,POL,GDP growth (annual %),NY.GDP.MKTP.KD.ZG,6.179604,2.864329
Portugal,PRT,GDP growth (annual %),NY.GDP.MKTP.KD.ZG,1.553053,1.619415
Post-demographic dividend,PST,GDP growth (annual %),NY.GDP.MKTP.KD.ZG,2.838534,1.610604
Pre-demographic dividend,PRE,GDP growth (annual %),NY.GDP.MKTP.KD.ZG,8.366223,2.614716
Puerto Rico,PRI,GDP growth (annual %),NY.GDP.MKTP.KD.ZG,-1.40959,-2.60613
Qatar,QAT,GDP growth (annual %),NY.GDP.MKTP.KD.ZG,26.17025,2.223121
Romania,ROU,GDP growth (annual %),NY.GDP.MKTP.KD.ZG,8.05556,4.589383
Russian Federation,RUS,GDP growth (annual %),NY.GDP.MKTP.KD.ZG,8.153432,-0.22491
Rwanda,RWA,GDP growth (annual %),NY.GDP.MKTP.KD.ZG,9.231879,5.931776
Samoa,WSM,GDP growth (annual %),NY.GDP.MKTP.KD.ZG,1.968808,7.145169
San Marino,SMR,GDP growth (annual %),NY.GDP.MKTP.KD.ZG,3.855569,0.966184
Sao Tome and Principe,STP,GDP growth (annual %),NY.GDP.MKTP.KD.ZG,9.115647,4.139434
Saudi Arabia,SAU,GDP growth (annual %),NY.GDP.MKTP.KD.ZG,2.788402,1.74153
Senegal,SEN,GDP growth (annual %),NY.GDP.MKTP.KD.ZG,2.46157,6.741818
Serbia,SRB,GDP growth (annual %),NY.GDP.MKTP.KD.ZG,4.904349,2.797324
Seychelles,SYC,GDP growth (annual %),NY.GDP.MKTP.KD.ZG,9.406128,4.5
Sierra Leone,SLE,GDP growth (annual %),NY.GDP.MKTP.KD.ZG,5.525833,6.304111
Singapore,SGP,GDP growth (annual %),NY.GDP.MKTP.KD.ZG,8.860196,1.996304
Sint Maarten (Dutch part),SXM,GDP growth (annual %),NY.GDP.MKTP.KD.ZG,..,..
Slovak Republic,SVK,GDP growth (annual %),NY.GDP.MKTP.KD.ZG,8.452888,3.324695
Slovenia,SVN,GDP growth (annual %),NY.GDP.MKTP.KD.ZG,5.655999,3.148355
Small states,SST,GDP growth (annual %),NY.GDP.MKTP.KD.ZG,9.805216,1.738973
Solomon Islands,SLB,GDP growth (annual %),NY.GDP.MKTP.KD.ZG,6.94665,2.989474
Somalia,SOM,GDP growth (annual %),NY.GDP.MKTP.KD.ZG,..,..
South Africa,ZAF,GDP growth (annual %),NY.GDP.MKTP.KD.ZG,5.603665,0.279357
South Asia,SAS,GDP growth (annual %),NY.GDP.MKTP.KD.ZG,8.672002,6.823352
South Asia (IDA & IBRD),TSA,GDP growth (annual %),NY.GDP.MKTP.KD.ZG,8.672002,6.823352
South Sudan,SSD,GDP growth (annual %),NY.GDP.MKTP.KD.ZG,..,..
Spain,ESP,GDP growth (annual %),NY.GDP.MKTP.KD.ZG,4.174123,3.274463
Sri Lanka,LKA,GDP growth (annual %),NY.GDP.MKTP.KD.ZG,7.668292,4.379683
St. Kitts and Nevis,KNA,GDP growth (annual %),NY.GDP.MKTP.KD.ZG,1.812033,2.209122
St. Lucia,LCA,GDP growth (annual %),NY.GDP.MKTP.KD.ZG,6.832931,0.928297
St. Martin (French part),MAF,GDP growth (annual %),NY.GDP.MKTP.KD.ZG,..,..
St. Vincent and the Grenadines,VCT,GDP growth (annual %),NY.GDP.MKTP.KD.ZG,7.688361,1.857893
Sub-Saharan Africa,SSF,GDP growth (annual %),NY.GDP.MKTP.KD.ZG,7.063739,1.239104
Sub-Saharan Africa (excluding high income),SSA,GDP growth (annual %),NY.GDP.MKTP.KD.ZG,7.061956,1.236616
Sub-Saharan Africa (IDA & IBRD countries),TSS,GDP growth (annual %),NY.GDP.MKTP.KD.ZG,7.063739,1.239104
Sudan,SDN,GDP growth (annual %),NY.GDP.MKTP.KD.ZG,10.06431,4.7
Suriname,SUR,GDP growth (annual %),NY.GDP.MKTP.KD.ZG,3.842137,-5.1424
Swaziland,SWZ,GDP growth (annual %),NY.GDP.MKTP.KD.ZG,5.992167,1.368694
Sweden,SWE,GDP growth (annual %),NY.GDP.MKTP.KD.ZG,4.688127,3.234942
Switzerland,CHE,GDP growth (annual %),NY.GDP.MKTP.KD.ZG,3.988634,1.375884
Syrian Arab Republic,SYR,GDP growth (annual %),NY.GDP.MKTP.KD.ZG,5,..
Tajikistan,TJK,GDP growth (annual %),NY.GDP.MKTP.KD.ZG,7.000002,6.900001
Tanzania,TZA,GDP growth (annual %),NY.GDP.MKTP.KD.ZG,4.660571,6.970605
Thailand,THA,GDP growth (annual %),NY.GDP.MKTP.KD.ZG,4.967917,3.237981
Timor-Leste,TLS,GDP growth (annual %),NY.GDP.MKTP.KD.ZG,-5.8548,5.666252
Togo,TGO,GDP growth (annual %),NY.GDP.MKTP.KD.ZG,4.052413,5.044173
Tonga,TON,GDP growth (annual %),NY.GDP.MKTP.KD.ZG,-0.81222,3.379474
Trinidad and Tobago,TTO,GDP growth (annual %),NY.GDP.MKTP.KD.ZG,13.20806,-2.26834
Tunisia,TUN,GDP growth (annual %),NY.GDP.MKTP.KD.ZG,5.244195,1.169769
Turkey,TUR,GDP growth (annual %),NY.GDP.MKTP.KD.ZG,7.109703,3.183832
Turkmenistan,TKM,GDP growth (annual %),NY.GDP.MKTP.KD.ZG,10.9671,6.2
Turks and Caicos Islands,TCA,GDP growth (annual %),NY.GDP.MKTP.KD.ZG,..,..
Tuvalu,TUV,GDP growth (annual %),NY.GDP.MKTP.KD.ZG,2.138938,2.743245
Uganda,UGA,GDP growth (annual %),NY.GDP.MKTP.KD.ZG,10.78474,4.656576
Ukraine,UKR,GDP growth (annual %),NY.GDP.MKTP.KD.ZG,7.3,2.307602
United Arab Emirates,ARE,GDP growth (annual %),NY.GDP.MKTP.KD.ZG,9.83732,3.03646
United Kingdom,GBR,GDP growth (annual %),NY.GDP.MKTP.KD.ZG,2.456,1.935791
United States,USA,GDP growth (annual %),NY.GDP.MKTP.KD.ZG,2.666626,1.485279
Upper middle income,UMC,GDP growth (annual %),NY.GDP.MKTP.KD.ZG,8.242929,3.717412
Uruguay,URY,GDP growth (annual %),NY.GDP.MKTP.KD.ZG,4.098577,1.453431
Uzbekistan,UZB,GDP growth (annual %),NY.GDP.MKTP.KD.ZG,7.3,7.8
Vanuatu,VUT,GDP growth (annual %),NY.GDP.MKTP.KD.ZG,8.46516,4.000574
"Venezuela, RB",VEN,GDP growth (annual %),NY.GDP.MKTP.KD.ZG,9.872149,..
Vietnam,VNM,GDP growth (annual %),NY.GDP.MKTP.KD.ZG,6.977955,6.210812
Virgin Islands (U.S.),VIR,GDP growth (annual %),NY.GDP.MKTP.KD.ZG,3.625816,..
West Bank and Gaza,PSE,GDP growth (annual %),NY.GDP.MKTP.KD.ZG,-3.9006,4.115658
World,WLD,GDP growth (annual %),NY.GDP.MKTP.KD.ZG,4.316059,2.487061
"Yemen, Rep.",YEM,GDP growth (annual %),NY.GDP.MKTP.KD.ZG,3.170409,-9.77917
Zambia,ZMB,GDP growth (annual %),NY.GDP.MKTP.KD.ZG,7.903694,3.609742
Zimbabwe,ZWE,GDP growth (annual %),NY.GDP.MKTP.KD.ZG,-3.4615,0.615714
Afghanistan,AFG,"Secondary education, pupils (% female)",SE.SEC.ENRL.FE.ZS,25.40252,..
Albania,ALB,"Secondary education, pupils (% female)",SE.SEC.ENRL.FE.ZS,48.0021,47.07269
Algeria,DZA,"Secondary education, pupils (% female)",SE.SEC.ENRL.FE.ZS,51.21634,..
American Samoa,ASM,"Secondary education, pupils (% female)",SE.SEC.ENRL.FE.ZS,..,..
Andorra,AND,"Secondary education, pupils (% female)",SE.SEC.ENRL.FE.ZS,49.93495,49.12994
Angola,AGO,"Secondary education, pupils (% female)",SE.SEC.ENRL.FE.ZS,..,..
Antigua and Barbuda,ATG,"Secondary education, pupils (% female)",SE.SEC.ENRL.FE.ZS,..,..
Arab World,ARB,"Secondary education, pupils (% female)",SE.SEC.ENRL.FE.ZS,47.2232,47.04149
Argentina,ARG,"Secondary education, pupils (% female)",SE.SEC.ENRL.FE.ZS,51.80645,..
Armenia,ARM,"Secondary education, pupils (% female)",SE.SEC.ENRL.FE.ZS,..,..
Aruba,ABW,"Secondary education, pupils (% female)",SE.SEC.ENRL.FE.ZS,50.38312,..
Australia,AUS,"Secondary education, pupils (% female)",SE.SEC.ENRL.FE.ZS,..,45.19242
Austria,AUT,"Secondary education, pupils (% female)",SE.SEC.ENRL.FE.ZS,47.72466,47.77079
Azerbaijan,AZE,"Secondary education, pupils (% female)",SE.SEC.ENRL.FE.ZS,..,..
"Bahamas, The",BHS,"Secondary education, pupils (% female)",SE.SEC.ENRL.FE.ZS,49.79975,50.53904
Bahrain,BHR,"Secondary education, pupils (% female)",SE.SEC.ENRL.FE.ZS,49.67804,48.88571
Bangladesh,BGD,"Secondary education, pupils (% female)",SE.SEC.ENRL.FE.ZS,50.38455,51.36834
Barbados,BRB,"Secondary education, pupils (% female)",SE.SEC.ENRL.FE.ZS,50.20858,49.79872
Belarus,BLR,"Secondary education, pupils (% female)",SE.SEC.ENRL.FE.ZS,..,48.24317
Belgium,BEL,"Secondary education, pupils (% female)",SE.SEC.ENRL.FE.ZS,51.84356,..
Belize,BLZ,"Secondary education, pupils (% female)",SE.SEC.ENRL.FE.ZS,50.71134,50.17785
Benin,BEN,"Secondary education, pupils (% female)",SE.SEC.ENRL.FE.ZS,..,..
Bermuda,BMU,"Secondary education, pupils (% female)",SE.SEC.ENRL.FE.ZS,51.46082,..
Bhutan,BTN,"Secondary education, pupils (% female)",SE.SEC.ENRL.FE.ZS,47.70002,51.54652
Bolivia,BOL,"Secondary education, pupils (% female)",SE.SEC.ENRL.FE.ZS,48.10411,48.71066
Bosnia and Herzegovina,BIH,"Secondary education, pupils (% female)",SE.SEC.ENRL.FE.ZS,..,49.28292
Botswana,BWA,"Secondary education, pupils (% female)",SE.SEC.ENRL.FE.ZS,51.06782,..
Brazil,BRA,"Secondary education, pupils (% female)",SE.SEC.ENRL.FE.ZS,..,..
British Virgin Islands,VGB,"Secondary education, pupils (% female)",SE.SEC.ENRL.FE.ZS,53.03726,..
Brunei Darussalam,BRN,"Secondary education, pupils (% female)",SE.SEC.ENRL.FE.ZS,48.87877,48.6828
Bulgaria,BGR,"Secondary education, pupils (% female)",SE.SEC.ENRL.FE.ZS,47.70237,47.72228
Burkina Faso,BFA,"Secondary education, pupils (% female)",SE.SEC.ENRL.FE.ZS,41.27081,47.80332
Burundi,BDI,"Secondary education, pupils (% female)",SE.SEC.ENRL.FE.ZS,42.55107,49.9138
Cabo Verde,CPV,"Secondary education, pupils (% female)",SE.SEC.ENRL.FE.ZS,53.49874,52.04053
Cambodia,KHM,"Secondary education, pupils (% female)",SE.SEC.ENRL.FE.ZS,43.26069,..
Cameroon,CMR,"Secondary education, pupils (% female)",SE.SEC.ENRL.FE.ZS,43.91834,45.89873
Canada,CAN,"Secondary education, pupils (% female)",SE.SEC.ENRL.FE.ZS,48.16922,48.87042
Caribbean small states,CSS,"Secondary education, pupils (% female)",SE.SEC.ENRL.FE.ZS,50.85939,50.67348
Cayman Islands,CYM,"Secondary education, pupils (% female)",SE.SEC.ENRL.FE.ZS,49.0169,..
Central African Republic,CAF,"Secondary education, pupils (% female)",SE.SEC.ENRL.FE.ZS,..,39.29494
Central Europe and the Baltics,CEB,"Secondary education, pupils (% female)",SE.SEC.ENRL.FE.ZS,48.74494,48.38752
Chad,TCD,"Secondary education, pupils (% female)",SE.SEC.ENRL.FE.ZS,26.20987,31.27065
Channel Islands,CHI,"Secondary education, pupils (% female)",SE.SEC.ENRL.FE.ZS,..,..
Chile,CHL,"Secondary education, pupils (% female)",SE.SEC.ENRL.FE.ZS,49.64153,49.28981
China,CHN,"Secondary education, pupils (% female)",SE.SEC.ENRL.FE.ZS,47.66759,47.11396
Colombia,COL,"Secondary education, pupils (% female)",SE.SEC.ENRL.FE.ZS,51.74684,50.53435
Comoros,COM,"Secondary education, pupils (% female)",SE.SEC.ENRL.FE.ZS,..,..
"Congo, Dem. Rep.",COD,"Secondary education, pupils (% female)",SE.SEC.ENRL.FE.ZS,..,..
"Congo, Rep.",COG,"Secondary education, pupils (% female)",SE.SEC.ENRL.FE.ZS,..,..
Costa Rica,CRI,"Secondary education, pupils (% female)",SE.SEC.ENRL.FE.ZS,50.07184,50.19909
Cote d'Ivoire,CIV,"Secondary education, pupils (% female)",SE.SEC.ENRL.FE.ZS,..,41.90515
Croatia,HRV,"Secondary education, pupils (% female)",SE.SEC.ENRL.FE.ZS,49.71352,49.79285
Cuba,CUB,"Secondary education, pupils (% female)",SE.SEC.ENRL.FE.ZS,49.13028,..
Curacao,CUW,"Secondary education, pupils (% female)",SE.SEC.ENRL.FE.ZS,..,..
Cyprus,CYP,"Secondary education, pupils (% female)",SE.SEC.ENRL.FE.ZS,49.18719,..
Czech Republic,CZE,"Secondary education, pupils (% female)",SE.SEC.ENRL.FE.ZS,49.12375,..
Denmark,DNK,"Secondary education, pupils (% female)",SE.SEC.ENRL.FE.ZS,49.3802,49.28619
Djibouti,DJI,"Secondary education, pupils (% female)",SE.SEC.ENRL.FE.ZS,39.80506,44.47654
Dominica,DMA,"Secondary education, pupils (% female)",SE.SEC.ENRL.FE.ZS,49.67224,..
Dominican Republic,DOM,"Secondary education, pupils (% female)",SE.SEC.ENRL.FE.ZS,..,51.61995
Early-demographic dividend,EAR,"Secondary education, pupils (% female)",SE.SEC.ENRL.FE.ZS,46.27428,48.34837
East Asia & Pacific,EAS,"Secondary education, pupils (% female)",SE.SEC.ENRL.FE.ZS,48.13551,47.87953
East Asia & Pacific (excluding high income),EAP,"Secondary education, pupils (% female)",SE.SEC.ENRL.FE.ZS,48.13599,47.87747
East Asia & Pacific (IDA & IBRD countries),TEA,"Secondary education, pupils (% female)",SE.SEC.ENRL.FE.ZS,48.12265,47.85745
Ecuador,ECU,"Secondary education, pupils (% female)",SE.SEC.ENRL.FE.ZS,49.54897,49.97037
"Egypt, Arab Rep.",EGY,"Secondary education, pupils (% female)",SE.SEC.ENRL.FE.ZS,..,48.18645
El Salvador,SLV,"Secondary education, pupils (% female)",SE.SEC.ENRL.FE.ZS,50.31877,49.49582
Equatorial Guinea,GNQ,"Secondary education, pupils (% female)",SE.SEC.ENRL.FE.ZS,..,..
Eritrea,ERI,"Secondary education, pupils (% female)",SE.SEC.ENRL.FE.ZS,37.58879,..
Estonia,EST,"Secondary education, pupils (% female)",SE.SEC.ENRL.FE.ZS,49.32638,..
Ethiopia,ETH,"Secondary education, pupils (% female)",SE.SEC.ENRL.FE.ZS,38.47902,..
Euro area,EMU,"Secondary education, pupils (% female)",SE.SEC.ENRL.FE.ZS,48.84754,48.49294
Europe & Central Asia,ECS,"Secondary education, pupils (% female)",SE.SEC.ENRL.FE.ZS,48.43825,48.58758
Europe & Central Asia (excluding high income),ECA,"Secondary education, pupils (% female)",SE.SEC.ENRL.FE.ZS,47.98736,48.4627
Europe & Central Asia (IDA & IBRD countries),TEC,"Secondary education, pupils (% female)",SE.SEC.ENRL.FE.ZS,48.02254,48.43376
European Union,EUU,"Secondary education, pupils (% female)",SE.SEC.ENRL.FE.ZS,48.87686,48.71292
Faroe Islands,FRO,"Secondary education, pupils (% female)",SE.SEC.ENRL.FE.ZS,..,..
Fiji,FJI,"Secondary education, pupils (% female)",SE.SEC.ENRL.FE.ZS,50.72973,..
Finland,FIN,"Secondary education, pupils (% female)",SE.SEC.ENRL.FE.ZS,49.97145,51.20837
Fragile and conflict affected situations,FCS,"Secondary education, pupils (% female)",SE.SEC.ENRL.FE.ZS,42.15981,43.83632
France,FRA,"Secondary education, pupils (% female)",SE.SEC.ENRL.FE.ZS,48.89186,..
French Polynesia,PYF,"Secondary education, pupils (% female)",SE.SEC.ENRL.FE.ZS,..,..
Gabon,GAB,"Secondary education, pupils (% female)",SE.SEC.ENRL.FE.ZS,..,..
"Gambia, The",GMB,"Secondary education, pupils (% female)",SE.SEC.ENRL.FE.ZS,..,..
Georgia,GEO,"Secondary education, pupils (% female)",SE.SEC.ENRL.FE.ZS,49.75241,47.30988
Germany,DEU,"Secondary education, pupils (% female)",SE.SEC.ENRL.FE.ZS,48.09266,..
Ghana,GHA,"Secondary education, pupils (% female)",SE.SEC.ENRL.FE.ZS,44.89941,48.08399
Gibraltar,GIB,"Secondary education, pupils (% female)",SE.SEC.ENRL.FE.ZS,..,48.47619
Greece,GRC,"Secondary education, pupils (% female)",SE.SEC.ENRL.FE.ZS,47.70487,..
Greenland,GRL,"Secondary education, pupils (% female)",SE.SEC.ENRL.FE.ZS,..,..
Grenada,GRD,"Secondary education, pupils (% female)",SE.SEC.ENRL.FE.ZS,..,49.72237
Guam,GUM,"Secondary education, pupils (% female)",SE.SEC.ENRL.FE.ZS,..,..
Guatemala,GTM,"Secondary education, pupils (% female)",SE.SEC.ENRL.FE.ZS,47.81414,47.70198
Guinea,GIN,"Secondary education, pupils (% female)",SE.SEC.ENRL.FE.ZS,33.98809,..
Guinea-Bissau,GNB,"Secondary education, pupils (% female)",SE.SEC.ENRL.FE.ZS,..,..
Guyana,GUY,"Secondary education, pupils (% female)",SE.SEC.ENRL.FE.ZS,..,..
Haiti,HTI,"Secondary education, pupils (% female)",SE.SEC.ENRL.FE.ZS,..,..
Heavily indebted poor countries (HIPC),HPC,"Secondary education, pupils (% female)",SE.SEC.ENRL.FE.ZS,41.20468,44.94036
High income,HIC,"Secondary education, pupils (% female)",SE.SEC.ENRL.FE.ZS,48.63621,48.52571
Honduras,HND,"Secondary education, pupils (% female)",SE.SEC.ENRL.FE.ZS,54.73056,52.91045
"Hong Kong SAR, China",HKG,"Secondary education, pupils (% female)",SE.SEC.ENRL.FE.ZS,48.82446,47.50336
Hungary,HUN,"Secondary education, pupils (% female)",SE.SEC.ENRL.FE.ZS,48.69032,48.58243
IBRD only,IBD,"Secondary education, pupils (% female)",SE.SEC.ENRL.FE.ZS,47.43348,48.2308
Iceland,ISL,"Secondary education, pupils (% female)",SE.SEC.ENRL.FE.ZS,49.46313,..
IDA & IBRD total,IBT,"Secondary education, pupils (% female)",SE.SEC.ENRL.FE.ZS,46.977,47.87479
IDA blend,IDB,"Secondary education, pupils (% female)",SE.SEC.ENRL.FE.ZS,45.09604,45.67402
IDA only,IDX,"Secondary education, pupils (% female)",SE.SEC.ENRL.FE.ZS,44.28278,46.99986
IDA total,IDA,"Secondary education, pupils (% female)",SE.SEC.ENRL.FE.ZS,44.58116,46.54147
India,IND,"Secondary education, pupils (% female)",SE.SEC.ENRL.FE.ZS,43.30394,47.68043
Indonesia,IDN,"Secondary education, pupils (% female)",SE.SEC.ENRL.FE.ZS,49.33718,49.39896
"Iran, Islamic Rep.",IRN,"Secondary education, pupils (% female)",SE.SEC.ENRL.FE.ZS,48.23681,..
Iraq,IRQ,"Secondary education, pupils (% female)",SE.SEC.ENRL.FE.ZS,..,..
Ireland,IRL,"Secondary education, pupils (% female)",SE.SEC.ENRL.FE.ZS,50.63816,49.4879
Isle of Man,IMN,"Secondary education, pupils (% female)",SE.SEC.ENRL.FE.ZS,..,..
Israel,ISR,"Secondary education, pupils (% female)",SE.SEC.ENRL.FE.ZS,48.79161,49.04498
Italy,ITA,"Secondary education, pupils (% female)",SE.SEC.ENRL.FE.ZS,48.38953,..
Jamaica,JAM,"Secondary education, pupils (% female)",SE.SEC.ENRL.FE.ZS,..,50.06342
Japan,JPN,"Secondary education, pupils (% female)",SE.SEC.ENRL.FE.ZS,48.822,..
Jordan,JOR,"Secondary education, pupils (% female)",SE.SEC.ENRL.FE.ZS,49.4566,..
Kazakhstan,KAZ,"Secondary education, pupils (% female)",SE.SEC.ENRL.FE.ZS,49.2506,49.36763
Kenya,KEN,"Secondary education, pupils (% female)",SE.SEC.ENRL.FE.ZS,48.08927,..
Kiribati,KIR,"Secondary education, pupils (% female)",SE.SEC.ENRL.FE.ZS,52.81086,..
"Korea, Dem. People’s Rep.",PRK,"Secondary education, pupils (% female)",SE.SEC.ENRL.FE.ZS,..,..
"Korea, Rep.",KOR,"Secondary education, pupils (% female)",SE.SEC.ENRL.FE.ZS,46.92403,..
Kosovo,XKX,"Secondary education, pupils (% female)",SE.SEC.ENRL.FE.ZS,..,..
Kuwait,KWT,"Secondary education, pupils (% female)",SE.SEC.ENRL.FE.ZS,49.7517,..
Kyrgyz Republic,KGZ,"Secondary education, pupils (% female)",SE.SEC.ENRL.FE.ZS,49.52567,49.00685
Lao PDR,LAO,"Secondary education, pupils (% female)",SE.SEC.ENRL.FE.ZS,43.04521,47.34442
Late-demographic dividend,LTE,"Secondary education, pupils (% female)",SE.SEC.ENRL.FE.ZS,48.65335,48.07588
Latin America & Caribbean,LCN,"Secondary education, pupils (% female)",SE.SEC.ENRL.FE.ZS,51.2526,50.40546
Latin America & Caribbean (excluding high income),LAC,"Secondary education, pupils (% female)",SE.SEC.ENRL.FE.ZS,51.29932,50.42675
Latin America & the Caribbean (IDA & IBRD countries),TLA,"Secondary education, pupils (% female)",SE.SEC.ENRL.FE.ZS,51.29511,50.42406
Latvia,LVA,"Secondary education, pupils (% female)",SE.SEC.ENRL.FE.ZS,49.09222,..
Least developed countries: UN classification,LDC,"Secondary education, pupils (% female)",SE.SEC.ENRL.FE.ZS,43.80287,46.82477
Lebanon,LBN,"Secondary education, pupils (% female)",SE.SEC.ENRL.FE.ZS,51.61928,51.23687
Lesotho,LSO,"Secondary education, pupils (% female)",SE.SEC.ENRL.FE.ZS,55.90749,57.26666
Liberia,LBR,"Secondary education, pupils (% female)",SE.SEC.ENRL.FE.ZS,..,..
Libya,LBY,"Secondary education, pupils (% female)",SE.SEC.ENRL.FE.ZS,52.90003,..
Liechtenstein,LIE,"Secondary education, pupils (% female)",SE.SEC.ENRL.FE.ZS,45.54859,44.10147
Lithuania,LTU,"Secondary education, pupils (% female)",SE.SEC.ENRL.FE.ZS,48.87956,47.49392
Low & middle income,LMY,"Secondary education, pupils (% female)",SE.SEC.ENRL.FE.ZS,46.96866,47.87786
Low income,LIC,"Secondary education, pupils (% female)",SE.SEC.ENRL.FE.ZS,41.12625,45.09073
Lower middle income,LMC,"Secondary education, pupils (% female)",SE.SEC.ENRL.FE.ZS,45.54948,47.84659
Luxembourg,LUX,"Secondary education, pupils (% female)",SE.SEC.ENRL.FE.ZS,50.01216,..
"Macao SAR, China",MAC,"Secondary education, pupils (% female)",SE.SEC.ENRL.FE.ZS,49.3221,48.24839
"Macedonia, FYR",MKD,"Secondary education, pupils (% female)",SE.SEC.ENRL.FE.ZS,..,..
Madagascar,MDG,"Secondary education, pupils (% female)",SE.SEC.ENRL.FE.ZS,48.73727,49.80853
Malawi,MWI,"Secondary education, pupils (% female)",SE.SEC.ENRL.FE.ZS,45.48294,47.0801
Malaysia,MYS,"Secondary education, pupils (% female)",SE.SEC.ENRL.FE.ZS,..,50.13648
Maldives,MDV,"Secondary education, pupils (% female)",SE.SEC.ENRL.FE.ZS,..,..
Mali,MLI,"Secondary education, pupils (% female)",SE.SEC.ENRL.FE.ZS,37.45621,42.03535
Malta,MLT,"Secondary education, pupils (% female)",SE.SEC.ENRL.FE.ZS,48.06052,49.64901
Marshall Islands,MHL,"Secondary education, pupils (% female)",SE.SEC.ENRL.FE.ZS,49.11529,50.29091
Mauritania,MRT,"Secondary education, pupils (% female)",SE.SEC.ENRL.FE.ZS,44.96089,48.55742
Mauritius,MUS,"Secondary education, pupils (% female)",SE.SEC.ENRL.FE.ZS,50.21524,50.50703
Mexico,MEX,"Secondary education, pupils (% female)",SE.SEC.ENRL.FE.ZS,51.28009,51.14729
"Micronesia, Fed. Sts.",FSM,"Secondary education, pupils (% female)",SE.SEC.ENRL.FE.ZS,..,..
Middle East & North Africa,MEA,"Secondary education, pupils (% female)",SE.SEC.ENRL.FE.ZS,47.50789,47.08943
Middle East & North Africa (excluding high income),MNA,"Secondary education, pupils (% female)",SE.SEC.ENRL.FE.ZS,47.42468,47.4194
Middle East & North Africa (IDA & IBRD countries),TMN,"Secondary education, pupils (% female)",SE.SEC.ENRL.FE.ZS,47.36019,47.32197
Middle income,MIC,"Secondary education, pupils (% female)",SE.SEC.ENRL.FE.ZS,47.27597,48.10426
Moldova,MDA,"Secondary education, pupils (% female)",SE.SEC.ENRL.FE.ZS,50.06041,48.5623
Monaco,MCO,"Secondary education, pupils (% female)",SE.SEC.ENRL.FE.ZS,..,48.14703
Mongolia,MNG,"Secondary education, pupils (% female)",SE.SEC.ENRL.FE.ZS,52.13051,49.68013
Montenegro,MNE,"Secondary education, pupils (% female)",SE.SEC.ENRL.FE.ZS,48.98267,48.24052
Morocco,MAR,"Secondary education, pupils (% female)",SE.SEC.ENRL.FE.ZS,45.55294,..
Mozambique,MOZ,"Secondary education, pupils (% female)",SE.SEC.ENRL.FE.ZS,41.77796,..
Myanmar,MMR,"Secondary education, pupils (% female)",SE.SEC.ENRL.FE.ZS,49.33055,..
Namibia,NAM,"Secondary education, pupils (% female)",SE.SEC.ENRL.FE.ZS,53.66688,..
Nauru,NRU,"Secondary education, pupils (% female)",SE.SEC.ENRL.FE.ZS,51.65644,50.40323
Nepal,NPL,"Secondary education, pupils (% female)",SE.SEC.ENRL.FE.ZS,45.4649,50.55539
Netherlands,NLD,"Secondary education, pupils (% female)",SE.SEC.ENRL.FE.ZS,48.39151,49.09864
New Caledonia,NCL,"Secondary education, pupils (% female)",SE.SEC.ENRL.FE.ZS,..,..
New Zealand,NZL,"Secondary education, pupils (% female)",SE.SEC.ENRL.FE.ZS,49.82903,50.23203
Nicaragua,NIC,"Secondary education, pupils (% female)",SE.SEC.ENRL.FE.ZS,52.57753,..
Niger,NER,"Secondary education, pupils (% female)",SE.SEC.ENRL.FE.ZS,38.77932,42.06672
Nigeria,NGA,"Secondary education, pupils (% female)",SE.SEC.ENRL.FE.ZS,44.15374,..
North America,NAC,"Secondary education, pupils (% female)",SE.SEC.ENRL.FE.ZS,48.53361,49.1432
Northern Mariana Islands,MNP,"Secondary education, pupils (% female)",SE.SEC.ENRL.FE.ZS,..,..
Norway,NOR,"Secondary education, pupils (% female)",SE.SEC.ENRL.FE.ZS,48.53521,47.87337
Not classified,INX,"Secondary education, pupils (% female)",SE.SEC.ENRL.FE.ZS,..,..
OECD members,OED,"Secondary education, pupils (% female)",SE.SEC.ENRL.FE.ZS,48.68061,49.00363
Oman,OMN,"Secondary education, pupils (% female)",SE.SEC.ENRL.FE.ZS,47.77218,48.20415
Other small states,OSS,"Secondary education, pupils (% female)",SE.SEC.ENRL.FE.ZS,49.22434,49.72679
Pacific island small states,PSS,"Secondary education, pupils (% female)",SE.SEC.ENRL.FE.ZS,49.35921,..
Pakistan,PAK,"Secondary education, pupils (% female)",SE.SEC.ENRL.FE.ZS,42.3496,42.8194
Palau,PLW,"Secondary education, pupils (% female)",SE.SEC.ENRL.FE.ZS,..,..
Panama,PAN,"Secondary education, pupils (% female)",SE.SEC.ENRL.FE.ZS,51.03583,..
Papua New Guinea,PNG,"Secondary education, pupils (% female)",SE.SEC.ENRL.FE.ZS,..,..
Paraguay,PRY,"Secondary education, pupils (% female)",SE.SEC.ENRL.FE.ZS,50.08076,..
Peru,PER,"Secondary education, pupils (% female)",SE.SEC.ENRL.FE.ZS,48.88078,48.74217
Philippines,PHL,"Secondary education, pupils (% female)",SE.SEC.ENRL.FE.ZS,51.64852,..
Poland,POL,"Secondary education, pupils (% female)",SE.SEC.ENRL.FE.ZS,48.43411,48.00351
Portugal,PRT,"Secondary education, pupils (% female)",SE.SEC.ENRL.FE.ZS,51.0161,48.60962
Post-demographic dividend,PST,"Secondary education, pupils (% female)",SE.SEC.ENRL.FE.ZS,48.60663,48.71841
Pre-demographic dividend,PRE,"Secondary education, pupils (% female)",SE.SEC.ENRL.FE.ZS,41.68753,44.25315
Puerto Rico,PRI,"Secondary education, pupils (% female)",SE.SEC.ENRL.FE.ZS,..,..
Qatar,QAT,"Secondary education, pupils (% female)",SE.SEC.ENRL.FE.ZS,49.16733,48.97044
Romania,ROU,"Secondary education, pupils (% female)",SE.SEC.ENRL.FE.ZS,49.03101,48.4972
Russian Federation,RUS,"Secondary education, pupils (% female)",SE.SEC.ENRL.FE.ZS,48.48776,48.39002
Rwanda,RWA,"Secondary education, pupils (% female)",SE.SEC.ENRL.FE.ZS,47.8135,52.53965
Samoa,WSM,"Secondary education, pupils (% female)",SE.SEC.ENRL.FE.ZS,51.17671,50.66246
San Marino,SMR,"Secondary education, pupils (% female)",SE.SEC.ENRL.FE.ZS,..,..
Sao Tome and Principe,STP,"Secondary education, pupils (% female)",SE.SEC.ENRL.FE.ZS,..,52.78065
Saudi Arabia,SAU,"Secondary education, pupils (% female)",SE.SEC.ENRL.FE.ZS,..,..
Senegal,SEN,"Secondary education, pupils (% female)",SE.SEC.ENRL.FE.ZS,42.81902,49.85965
Serbia,SRB,"Secondary education, pupils (% female)",SE.SEC.ENRL.FE.ZS,49.67157,48.89012
Seychelles,SYC,"Secondary education, pupils (% female)",SE.SEC.ENRL.FE.ZS,50.05132,51.5425
Sierra Leone,SLE,"Secondary education, pupils (% female)",SE.SEC.ENRL.FE.ZS,..,48.00626
Singapore,SGP,"Secondary education, pupils (% female)",SE.SEC.ENRL.FE.ZS,..,48.46001
Sint Maarten (Dutch part),SXM,"Secondary education, pupils (% female)",SE.SEC.ENRL.FE.ZS,..,..
Slovak Republic,SVK,"Secondary education, pupils (% female)",SE.SEC.ENRL.FE.ZS,49.12329,..
Slovenia,SVN,"Secondary education, pupils (% female)",SE.SEC.ENRL.FE.ZS,48.69386,..
Small states,SST,"Secondary education, pupils (% female)",SE.SEC.ENRL.FE.ZS,49.62135,49.83375
Solomon Islands,SLB,"Secondary education, pupils (% female)",SE.SEC.ENRL.FE.ZS,43.46176,..
Somalia,SOM,"Secondary education, pupils (% female)",SE.SEC.ENRL.FE.ZS,..,..
South Africa,ZAF,"Secondary education, pupils (% female)",SE.SEC.ENRL.FE.ZS,51.25078,..
South Asia,SAS,"Secondary education, pupils (% female)",SE.SEC.ENRL.FE.ZS,43.88953,47.55478
South Asia (IDA & IBRD),TSA,"Secondary education, pupils (% female)",SE.SEC.ENRL.FE.ZS,43.88953,47.55478
South Sudan,SSD,"Secondary education, pupils (% female)",SE.SEC.ENRL.FE.ZS,..,..
Spain,ESP,"Secondary education, pupils (% female)",SE.SEC.ENRL.FE.ZS,50.09906,48.7454
Sri Lanka,LKA,"Secondary education, pupils (% female)",SE.SEC.ENRL.FE.ZS,..,50.76423
St. Kitts and Nevis,KNA,"Secondary education, pupils (% female)",SE.SEC.ENRL.FE.ZS,..,51.4012
St. Lucia,LCA,"Secondary education, pupils (% female)",SE.SEC.ENRL.FE.ZS,53.87772,50.13392
St. Martin (French part),MAF,"Secondary education, pupils (% female)",SE.SEC.ENRL.FE.ZS,..,..
St. Vincent and the Grenadines,VCT,"Secondary education, pupils (% female)",SE.SEC.ENRL.FE.ZS,..,49.05604
Sub-Saharan Africa,SSF,"Secondary education, pupils (% female)",SE.SEC.ENRL.FE.ZS,43.77423,46.05456
Sub-Saharan Africa (excluding high income),SSA,"Secondary education, pupils (% female)",SE.SEC.ENRL.FE.ZS,43.77284,46.05388
Sub-Saharan Africa (IDA & IBRD countries),TSS,"Secondary education, pupils (% female)",SE.SEC.ENRL.FE.ZS,43.77423,46.05456
Sudan,SDN,"Secondary education, pupils (% female)",SE.SEC.ENRL.FE.ZS,48.30221,..
Suriname,SUR,"Secondary education, pupils (% female)",SE.SEC.ENRL.FE.ZS,56.30177,..
Swaziland,SWZ,"Secondary education, pupils (% female)",SE.SEC.ENRL.FE.ZS,50.07859,..
Sweden,SWE,"Secondary education, pupils (% female)",SE.SEC.ENRL.FE.ZS,48.54916,..
Switzerland,CHE,"Secondary education, pupils (% female)",SE.SEC.ENRL.FE.ZS,47.3071,47.76601
Syrian Arab Republic,SYR,"Secondary education, pupils (% female)",SE.SEC.ENRL.FE.ZS,47.6666,..
Tajikistan,TJK,"Secondary education, pupils (% female)",SE.SEC.ENRL.FE.ZS,44.72895,..
Tanzania,TZA,"Secondary education, pupils (% female)",SE.SEC.ENRL.FE.ZS,..,..
Thailand,THA,"Secondary education, pupils (% female)",SE.SEC.ENRL.FE.ZS,50.79548,..
Timor-Leste,TLS,"Secondary education, pupils (% female)",SE.SEC.ENRL.FE.ZS,..,50.77245
Togo,TGO,"Secondary education, pupils (% female)",SE.SEC.ENRL.FE.ZS,35.31219,..
Tonga,TON,"Secondary education, pupils (% female)",SE.SEC.ENRL.FE.ZS,48.37853,..
Trinidad and Tobago,TTO,"Secondary education, pupils (% female)",SE.SEC.ENRL.FE.ZS,..,..
Tunisia,TUN,"Secondary education, pupils (% female)",SE.SEC.ENRL.FE.ZS,50.99194,51.36858
Turkey,TUR,"Secondary education, pupils (% female)",SE.SEC.ENRL.FE.ZS,44.97135,..
Turkmenistan,TKM,"Secondary education, pupils (% female)",SE.SEC.ENRL.FE.ZS,..,..
Turks and Caicos Islands,TCA,"Secondary education, pupils (% female)",SE.SEC.ENRL.FE.ZS,..,..
Tuvalu,TUV,"Secondary education, pupils (% female)",SE.SEC.ENRL.FE.ZS,..,..
Uganda,UGA,"Secondary education, pupils (% female)",SE.SEC.ENRL.FE.ZS,..,..
Ukraine,UKR,"Secondary education, pupils (% female)",SE.SEC.ENRL.FE.ZS,48.38811,48.4481
United Arab Emirates,ARE,"Secondary education, pupils (% female)",SE.SEC.ENRL.FE.ZS,..,48.60796
United Kingdom,GBR,"Secondary education, pupils (% female)",SE.SEC.ENRL.FE.ZS,49.32641,..
United States,USA,"Secondary education, pupils (% female)",SE.SEC.ENRL.FE.ZS,48.57214,..
Upper middle income,UMC,"Secondary education, pupils (% female)",SE.SEC.ENRL.FE.ZS,48.87076,48.44492
Uruguay,URY,"Secondary education, pupils (% female)",SE.SEC.ENRL.FE.ZS,52.77144,..
Uzbekistan,UZB,"Secondary education, pupils (% female)",SE.SEC.ENRL.FE.ZS,48.48214,48.57865
Vanuatu,VUT,"Secondary education, pupils (% female)",SE.SEC.ENRL.FE.ZS,..,..
"Venezuela, RB",VEN,"Secondary education, pupils (% female)",SE.SEC.ENRL.FE.ZS,51.94073,50.86024
Vietnam,VNM,"Secondary education, pupils (% female)",SE.SEC.ENRL.FE.ZS,..,..
Virgin Islands (U.S.),VIR,"Secondary education, pupils (% female)",SE.SEC.ENRL.FE.ZS,..,..
West Bank and Gaza,PSE,"Secondary education, pupils (% female)",SE.SEC.ENRL.FE.ZS,50.34781,51.36573
World,WLD,"Secondary education, pupils (% female)",SE.SEC.ENRL.FE.ZS,47.26661,47.97828
"Yemen, Rep.",YEM,"Secondary education, pupils (% female)",SE.SEC.ENRL.FE.ZS,..,41.16112
Zambia,ZMB,"Secondary education, pupils (% female)",SE.SEC.ENRL.FE.ZS,..,..
Zimbabwe,ZWE,"Secondary education, pupils (% female)",SE.SEC.ENRL.FE.ZS,..,..
Country Name,Country Code,Series Name,Series Code,2006 [YR2006],2016 [YR2016]
Afghanistan,AFG,Women who were first married by age 18 (% of women ages 20-24),SP.M18.2024.FE.ZS,..,..
Albania,ALB,Women who were first married by age 18 (% of women ages 20-24),SP.M18.2024.FE.ZS,..,..
Algeria,DZA,Women who were first married by age 18 (% of women ages 20-24),SP.M18.2024.FE.ZS,1.8,..
American Samoa,ASM,Women who were first married by age 18 (% of women ages 20-24),SP.M18.2024.FE.ZS,..,..
Andorra,AND,Women who were first married by age 18 (% of women ages 20-24),SP.M18.2024.FE.ZS,..,..
Angola,AGO,Women who were first married by age 18 (% of women ages 20-24),SP.M18.2024.FE.ZS,..,30.3
Antigua and Barbuda,ATG,Women who were first married by age 18 (% of women ages 20-24),SP.M18.2024.FE.ZS,..,..
Arab World,ARB,Women who were first married by age 18 (% of women ages 20-24),SP.M18.2024.FE.ZS,..,..
Argentina,ARG,Women who were first married by age 18 (% of women ages 20-24),SP.M18.2024.FE.ZS,..,..
Armenia,ARM,Women who were first married by age 18 (% of women ages 20-24),SP.M18.2024.FE.ZS,..,5.3
Aruba,ABW,Women who were first married by age 18 (% of women ages 20-24),SP.M18.2024.FE.ZS,..,..
Australia,AUS,Women who were first married by age 18 (% of women ages 20-24),SP.M18.2024.FE.ZS,..,..
Austria,AUT,Women who were first married by age 18 (% of women ages 20-24),SP.M18.2024.FE.ZS,..,..
Azerbaijan,AZE,Women who were first married by age 18 (% of women ages 20-24),SP.M18.2024.FE.ZS,12.2,..
"Bahamas, The",BHS,Women who were first married by age 18 (% of women ages 20-24),SP.M18.2024.FE.ZS,..,..
Bahrain,BHR,Women who were first married by age 18 (% of women ages 20-24),SP.M18.2024.FE.ZS,..,..
Bangladesh,BGD,Women who were first married by age 18 (% of women ages 20-24),SP.M18.2024.FE.ZS,64.1,..
Barbados,BRB,Women who were first married by age 18 (% of women ages 20-24),SP.M18.2024.FE.ZS,..,..
Belarus,BLR,Women who were first married by age 18 (% of women ages 20-24),SP.M18.2024.FE.ZS,..,..
Belgium,BEL,Women who were first married by age 18 (% of women ages 20-24),SP.M18.2024.FE.ZS,..,..
Belize,BLZ,Women who were first married by age 18 (% of women ages 20-24),SP.M18.2024.FE.ZS,..,..
Benin,BEN,Women who were first married by age 18 (% of women ages 20-24),SP.M18.2024.FE.ZS,34.4,..
Bermuda,BMU,Women who were first married by age 18 (% of women ages 20-24),SP.M18.2024.FE.ZS,..,..
Bhutan,BTN,Women who were first married by age 18 (% of women ages 20-24),SP.M18.2024.FE.ZS,..,..
Bolivia,BOL,Women who were first married by age 18 (% of women ages 20-24),SP.M18.2024.FE.ZS,..,..
Bosnia and Herzegovina,BIH,Women who were first married by age 18 (% of women ages 20-24),SP.M18.2024.FE.ZS,5.5,..
Botswana,BWA,Women who were first married by age 18 (% of women ages 20-24),SP.M18.2024.FE.ZS,..,..
Brazil,BRA,Women who were first married by age 18 (% of women ages 20-24),SP.M18.2024.FE.ZS,35.6,..
British Virgin Islands,VGB,Women who were first married by age 18 (% of women ages 20-24),SP.M18.2024.FE.ZS,..,..
Brunei Darussalam,BRN,Women who were first married by age 18 (% of women ages 20-24),SP.M18.2024.FE.ZS,..,..
Bulgaria,BGR,Women who were first married by age 18 (% of women ages 20-24),SP.M18.2024.FE.ZS,..,..
Burkina Faso,BFA,Women who were first married by age 18 (% of women ages 20-24),SP.M18.2024.FE.ZS,47.8,..
Burundi,BDI,Women who were first married by age 18 (% of women ages 20-24),SP.M18.2024.FE.ZS,..,..
Cabo Verde,CPV,Women who were first married by age 18 (% of women ages 20-24),SP.M18.2024.FE.ZS,..,..
Cambodia,KHM,Women who were first married by age 18 (% of women ages 20-24),SP.M18.2024.FE.ZS,..,..
Cameroon,CMR,Women who were first married by age 18 (% of women ages 20-24),SP.M18.2024.FE.ZS,36.3,..
Canada,CAN,Women who were first married by age 18 (% of women ages 20-24),SP.M18.2024.FE.ZS,..,..
Caribbean small states,CSS,Women who were first married by age 18 (% of women ages 20-24),SP.M18.2024.FE.ZS,..,..
Cayman Islands,CYM,Women who were first married by age 18 (% of women ages 20-24),SP.M18.2024.FE.ZS,..,..
Central African Republic,CAF,Women who were first married by age 18 (% of women ages 20-24),SP.M18.2024.FE.ZS,60.6,..
Central Europe and the Baltics,CEB,Women who were first married by age 18 (% of women ages 20-24),SP.M18.2024.FE.ZS,..,..
Chad,TCD,Women who were first married by age 18 (% of women ages 20-24),SP.M18.2024.FE.ZS,..,..
Channel Islands,CHI,Women who were first married by age 18 (% of women ages 20-24),SP.M18.2024.FE.ZS,..,..
Chile,CHL,Women who were first married by age 18 (% of women ages 20-24),SP.M18.2024.FE.ZS,..,..
China,CHN,Women who were first married by age 18 (% of women ages 20-24),SP.M18.2024.FE.ZS,..,..
Colombia,COL,Women who were first married by age 18 (% of women ages 20-24),SP.M18.2024.FE.ZS,..,..
Comoros,COM,Women who were first married by age 18 (% of women ages 20-24),SP.M18.2024.FE.ZS,..,..
"Congo, Dem. Rep.",COD,Women who were first married by age 18 (% of women ages 20-24),SP.M18.2024.FE.ZS,..,..
"Congo, Rep.",COG,Women who were first married by age 18 (% of women ages 20-24),SP.M18.2024.FE.ZS,..,..
Costa Rica,CRI,Women who were first married by age 18 (% of women ages 20-24),SP.M18.2024.FE.ZS,..,..
Cote d'Ivoire,CIV,Women who were first married by age 18 (% of women ages 20-24),SP.M18.2024.FE.ZS,..,..
Croatia,HRV,Women who were first married by age 18 (% of women ages 20-24),SP.M18.2024.FE.ZS,..,..
Cuba,CUB,Women who were first married by age 18 (% of women ages 20-24),SP.M18.2024.FE.ZS,..,..
Curacao,CUW,Women who were first married by age 18 (% of women ages 20-24),SP.M18.2024.FE.ZS,..,..
Cyprus,CYP,Women who were first married by age 18 (% of women ages 20-24),SP.M18.2024.FE.ZS,..,..
Czech Republic,CZE,Women who were first married by age 18 (% of women ages 20-24),SP.M18.2024.FE.ZS,..,..
Denmark,DNK,Women who were first married by age 18 (% of women ages 20-24),SP.M18.2024.FE.ZS,..,..
Djibouti,DJI,Women who were first married by age 18 (% of women ages 20-24),SP.M18.2024.FE.ZS,5.4,..
Dominica,DMA,Women who were first married by age 18 (% of women ages 20-24),SP.M18.2024.FE.ZS,..,..
Dominican Republic,DOM,Women who were first married by age 18 (% of women ages 20-24),SP.M18.2024.FE.ZS,40.3,..
Early-demographic dividend,EAR,Women who were first married by age 18 (% of women ages 20-24),SP.M18.2024.FE.ZS,..,..
East Asia & Pacific,EAS,Women who were first married by age 18 (% of women ages 20-24),SP.M18.2024.FE.ZS,..,..
East Asia & Pacific (excluding high income),EAP,Women who were first married by age 18 (% of women ages 20-24),SP.M18.2024.FE.ZS,..,..
East Asia & Pacific (IDA & IBRD countries),TEA,Women who were first married by age 18 (% of women ages 20-24),SP.M18.2024.FE.ZS,..,..
Ecuador,ECU,Women who were first married by age 18 (% of women ages 20-24),SP.M18.2024.FE.ZS,..,..
"Egypt, Arab Rep.",EGY,Women who were first married by age 18 (% of women ages 20-24),SP.M18.2024.FE.ZS,..,..
El Salvador,SLV,Women who were first married by age 18 (% of women ages 20-24),SP.M18.2024.FE.ZS,..,..
Equatorial Guinea,GNQ,Women who were first married by age 18 (% of women ages 20-24),SP.M18.2024.FE.ZS,..,..
Eritrea,ERI,Women who were first married by age 18 (% of women ages 20-24),SP.M18.2024.FE.ZS,..,..
Estonia,EST,Women who were first married by age 18 (% of women ages 20-24),SP.M18.2024.FE.ZS,..,..
Ethiopia,ETH,Women who were first married by age 18 (% of women ages 20-24),SP.M18.2024.FE.ZS,..,40.3
Euro area,EMU,Women who were first married by age 18 (% of women ages 20-24),SP.M18.2024.FE.ZS,..,..
Europe & Central Asia,ECS,Women who were first married by age 18 (% of women ages 20-24),SP.M18.2024.FE.ZS,..,..
Europe & Central Asia (excluding high income),ECA,Women who were first married by age 18 (% of women ages 20-24),SP.M18.2024.FE.ZS,..,..
Europe & Central Asia (IDA & IBRD countries),TEC,Women who were first married by age 18 (% of women ages 20-24),SP.M18.2024.FE.ZS,..,..
European Union,EUU,Women who were first married by age 18 (% of women ages 20-24),SP.M18.2024.FE.ZS,..,..
Faroe Islands,FRO,Women who were first married by age 18 (% of women ages 20-24),SP.M18.2024.FE.ZS,..,..
Fiji,FJI,Women who were first married by age 18 (% of women ages 20-24),SP.M18.2024.FE.ZS,..,..
Finland,FIN,Women who were first married by age 18 (% of women ages 20-24),SP.M18.2024.FE.ZS,..,..
Fragile and conflict affected situations,FCS,Women who were first married by age 18 (% of women ages 20-24),SP.M18.2024.FE.ZS,..,..
France,FRA,Women who were first married by age 18 (% of women ages 20-24),SP.M18.2024.FE.ZS,..,..
French Polynesia,PYF,Women who were first married by age 18 (% of women ages 20-24),SP.M18.2024.FE.ZS,..,..
Gabon,GAB,Women who were first married by age 18 (% of women ages 20-24),SP.M18.2024.FE.ZS,..,..
"Gambia, The",GMB,Women who were first married by age 18 (% of women ages 20-24),SP.M18.2024.FE.ZS,35.9,..
Georgia,GEO,Women who were first married by age 18 (% of women ages 20-24),SP.M18.2024.FE.ZS,..,..
Germany,DEU,Women who were first married by age 18 (% of women ages 20-24),SP.M18.2024.FE.ZS,..,..
Ghana,GHA,Women who were first married by age 18 (% of women ages 20-24),SP.M18.2024.FE.ZS,22,..
Gibraltar,GIB,Women who were first married by age 18 (% of women ages 20-24),SP.M18.2024.FE.ZS,..,..
Greece,GRC,Women who were first married by age 18 (% of women ages 20-24),SP.M18.2024.FE.ZS,..,..
Greenland,GRL,Women who were first married by age 18 (% of women ages 20-24),SP.M18.2024.FE.ZS,..,..
Grenada,GRD,Women who were first married by age 18 (% of women ages 20-24),SP.M18.2024.FE.ZS,..,..
Guam,GUM,Women who were first married by age 18 (% of women ages 20-24),SP.M18.2024.FE.ZS,..,..
Guatemala,GTM,Women who were first married by age 18 (% of women ages 20-24),SP.M18.2024.FE.ZS,..,..
Guinea,GIN,Women who were first married by age 18 (% of women ages 20-24),SP.M18.2024.FE.ZS,..,..
Guinea-Bissau,GNB,Women who were first married by age 18 (% of women ages 20-24),SP.M18.2024.FE.ZS,24.1,..
Guyana,GUY,Women who were first married by age 18 (% of women ages 20-24),SP.M18.2024.FE.ZS,..,..
Haiti,HTI,Women who were first married by age 18 (% of women ages 20-24),SP.M18.2024.FE.ZS,29.9,..
Heavily indebted poor countries (HIPC),HPC,Women who were first married by age 18 (% of women ages 20-24),SP.M18.2024.FE.ZS,..,..
High income,HIC,Women who were first married by age 18 (% of women ages 20-24),SP.M18.2024.FE.ZS,..,..
Honduras,HND,Women who were first married by age 18 (% of women ages 20-24),SP.M18.2024.FE.ZS,38.8,..
"Hong Kong SAR, China",HKG,Women who were first married by age 18 (% of women ages 20-24),SP.M18.2024.FE.ZS,..,..
Hungary,HUN,Women who were first married by age 18 (% of women ages 20-24),SP.M18.2024.FE.ZS,..,..
IBRD only,IBD,Women who were first married by age 18 (% of women ages 20-24),SP.M18.2024.FE.ZS,..,..
Iceland,ISL,Women who were first married by age 18 (% of women ages 20-24),SP.M18.2024.FE.ZS,..,..
IDA & IBRD total,IBT,Women who were first married by age 18 (% of women ages 20-24),SP.M18.2024.FE.ZS,..,..
IDA blend,IDB,Women who were first married by age 18 (% of women ages 20-24),SP.M18.2024.FE.ZS,..,..
IDA only,IDX,Women who were first married by age 18 (% of women ages 20-24),SP.M18.2024.FE.ZS,..,..
IDA total,IDA,Women who were first married by age 18 (% of women ages 20-24),SP.M18.2024.FE.ZS,..,..
India,IND,Women who were first married by age 18 (% of women ages 20-24),SP.M18.2024.FE.ZS,44.5,25.3
Indonesia,IDN,Women who were first married by age 18 (% of women ages 20-24),SP.M18.2024.FE.ZS,..,..
"Iran, Islamic Rep.",IRN,Women who were first married by age 18 (% of women ages 20-24),SP.M18.2024.FE.ZS,..,..
Iraq,IRQ,Women who were first married by age 18 (% of women ages 20-24),SP.M18.2024.FE.ZS,17,..
Ireland,IRL,Women who were first married by age 18 (% of women ages 20-24),SP.M18.2024.FE.ZS,..,..
Isle of Man,IMN,Women who were first married by age 18 (% of women ages 20-24),SP.M18.2024.FE.ZS,..,..
Israel,ISR,Women who were first married by age 18 (% of women ages 20-24),SP.M18.2024.FE.ZS,..,..
Italy,ITA,Women who were first married by age 18 (% of women ages 20-24),SP.M18.2024.FE.ZS,..,..
Jamaica,JAM,Women who were first married by age 18 (% of women ages 20-24),SP.M18.2024.FE.ZS,..,..
Japan,JPN,Women who were first married by age 18 (% of women ages 20-24),SP.M18.2024.FE.ZS,..,..
Jordan,JOR,Women who were first married by age 18 (% of women ages 20-24),SP.M18.2024.FE.ZS,..,..
Kazakhstan,KAZ,Women who were first married by age 18 (% of women ages 20-24),SP.M18.2024.FE.ZS,7.3,..
Kenya,KEN,Women who were first married by age 18 (% of women ages 20-24),SP.M18.2024.FE.ZS,..,..
Kiribati,KIR,Women who were first married by age 18 (% of women ages 20-24),SP.M18.2024.FE.ZS,..,..
"Korea, Dem. People’s Rep.",PRK,Women who were first married by age 18 (% of women ages 20-24),SP.M18.2024.FE.ZS,..,..
"Korea, Rep.",KOR,Women who were first married by age 18 (% of women ages 20-24),SP.M18.2024.FE.ZS,..,..
Kosovo,XKX,Women who were first married by age 18 (% of women ages 20-24),SP.M18.2024.FE.ZS,..,..
Kuwait,KWT,Women who were first married by age 18 (% of women ages 20-24),SP.M18.2024.FE.ZS,..,..
Kyrgyz Republic,KGZ,Women who were first married by age 18 (% of women ages 20-24),SP.M18.2024.FE.ZS,10.4,..
Lao PDR,LAO,Women who were first married by age 18 (% of women ages 20-24),SP.M18.2024.FE.ZS,..,..
Late-demographic dividend,LTE,Women who were first married by age 18 (% of women ages 20-24),SP.M18.2024.FE.ZS,..,..
Latin America & Caribbean,LCN,Women who were first married by age 18 (% of women ages 20-24),SP.M18.2024.FE.ZS,..,..
Latin America & Caribbean (excluding high income),LAC,Women who were first married by age 18 (% of women ages 20-24),SP.M18.2024.FE.ZS,..,..
Latin America & the Caribbean (IDA & IBRD countries),TLA,Women who were first married by age 18 (% of women ages 20-24),SP.M18.2024.FE.ZS,..,..
Latvia,LVA,Women who were first married by age 18 (% of women ages 20-24),SP.M18.2024.FE.ZS,..,..
Least developed countries: UN classification,LDC,Women who were first married by age 18 (% of women ages 20-24),SP.M18.2024.FE.ZS,..,..
Lebanon,LBN,Women who were first married by age 18 (% of women ages 20-24),SP.M18.2024.FE.ZS,..,..
Lesotho,LSO,Women who were first married by age 18 (% of women ages 20-24),SP.M18.2024.FE.ZS,..,..
Liberia,LBR,Women who were first married by age 18 (% of women ages 20-24),SP.M18.2024.FE.ZS,..,..
Libya,LBY,Women who were first married by age 18 (% of women ages 20-24),SP.M18.2024.FE.ZS,..,..
Liechtenstein,LIE,Women who were first married by age 18 (% of women ages 20-24),SP.M18.2024.FE.ZS,..,..
Lithuania,LTU,Women who were first married by age 18 (% of women ages 20-24),SP.M18.2024.FE.ZS,..,..
Low & middle income,LMY,Women who were first married by age 18 (% of women ages 20-24),SP.M18.2024.FE.ZS,..,..
Low income,LIC,Women who were first married by age 18 (% of women ages 20-24),SP.M18.2024.FE.ZS,..,..
Lower middle income,LMC,Women who were first married by age 18 (% of women ages 20-24),SP.M18.2024.FE.ZS,..,..
Luxembourg,LUX,Women who were first married by age 18 (% of women ages 20-24),SP.M18.2024.FE.ZS,..,..
"Macao SAR, China",MAC,Women who were first married by age 18 (% of women ages 20-24),SP.M18.2024.FE.ZS,..,..
"Macedonia, FYR",MKD,Women who were first married by age 18 (% of women ages 20-24),SP.M18.2024.FE.ZS,..,..
Madagascar,MDG,Women who were first married by age 18 (% of women ages 20-24),SP.M18.2024.FE.ZS,..,..
Malawi,MWI,Women who were first married by age 18 (% of women ages 20-24),SP.M18.2024.FE.ZS,50.2,42.1
Malaysia,MYS,Women who were first married by age 18 (% of women ages 20-24),SP.M18.2024.FE.ZS,..,..
Maldives,MDV,Women who were first married by age 18 (% of women ages 20-24),SP.M18.2024.FE.ZS,..,..
Mali,MLI,Women who were first married by age 18 (% of women ages 20-24),SP.M18.2024.FE.ZS,70.6,..
Malta,MLT,Women who were first married by age 18 (% of women ages 20-24),SP.M18.2024.FE.ZS,..,..
Marshall Islands,MHL,Women who were first married by age 18 (% of women ages 20-24),SP.M18.2024.FE.ZS,..,..
Mauritania,MRT,Women who were first married by age 18 (% of women ages 20-24),SP.M18.2024.FE.ZS,..,..
Mauritius,MUS,Women who were first married by age 18 (% of women ages 20-24),SP.M18.2024.FE.ZS,..,..
Mexico,MEX,Women who were first married by age 18 (% of women ages 20-24),SP.M18.2024.FE.ZS,22.7,..
"Micronesia, Fed. Sts.",FSM,Women who were first married by age 18 (% of women ages 20-24),SP.M18.2024.FE.ZS,..,..
Middle East & North Africa,MEA,Women who were first married by age 18 (% of women ages 20-24),SP.M18.2024.FE.ZS,..,..
Middle East & North Africa (excluding high income),MNA,Women who were first married by age 18 (% of women ages 20-24),SP.M18.2024.FE.ZS,..,..
Middle East & North Africa (IDA & IBRD countries),TMN,Women who were first married by age 18 (% of women ages 20-24),SP.M18.2024.FE.ZS,..,..
Middle income,MIC,Women who were first married by age 18 (% of women ages 20-24),SP.M18.2024.FE.ZS,..,..
Moldova,MDA,Women who were first married by age 18 (% of women ages 20-24),SP.M18.2024.FE.ZS,..,..
Monaco,MCO,Women who were first married by age 18 (% of women ages 20-24),SP.M18.2024.FE.ZS,..,..
Mongolia,MNG,Women who were first married by age 18 (% of women ages 20-24),SP.M18.2024.FE.ZS,9,..
Montenegro,MNE,Women who were first married by age 18 (% of women ages 20-24),SP.M18.2024.FE.ZS,4.8,..
Morocco,MAR,Women who were first married by age 18 (% of women ages 20-24),SP.M18.2024.FE.ZS,..,..
Mozambique,MOZ,Women who were first married by age 18 (% of women ages 20-24),SP.M18.2024.FE.ZS,..,..
Myanmar,MMR,Women who were first married by age 18 (% of women ages 20-24),SP.M18.2024.FE.ZS,..,16
Namibia,NAM,Women who were first married by age 18 (% of women ages 20-24),SP.M18.2024.FE.ZS,..,..
Nauru,NRU,Women who were first married by age 18 (% of women ages 20-24),SP.M18.2024.FE.ZS,..,..
Nepal,NPL,Women who were first married by age 18 (% of women ages 20-24),SP.M18.2024.FE.ZS,51.4,39.5
Netherlands,NLD,Women who were first married by age 18 (% of women ages 20-24),SP.M18.2024.FE.ZS,..,..
New Caledonia,NCL,Women who were first married by age 18 (% of women ages 20-24),SP.M18.2024.FE.ZS,..,..
New Zealand,NZL,Women who were first married by age 18 (% of women ages 20-24),SP.M18.2024.FE.ZS,..,..
Nicaragua,NIC,Women who were first married by age 18 (% of women ages 20-24),SP.M18.2024.FE.ZS,40.6,..
Niger,NER,Women who were first married by age 18 (% of women ages 20-24),SP.M18.2024.FE.ZS,74.5,..
Nigeria,NGA,Women who were first married by age 18 (% of women ages 20-24),SP.M18.2024.FE.ZS,..,..
North America,NAC,Women who were first married by age 18 (% of women ages 20-24),SP.M18.2024.FE.ZS,..,..
Northern Mariana Islands,MNP,Women who were first married by age 18 (% of women ages 20-24),SP.M18.2024.FE.ZS,..,..
Norway,NOR,Women who were first married by age 18 (% of women ages 20-24),SP.M18.2024.FE.ZS,..,..
Not classified,INX,Women who were first married by age 18 (% of women ages 20-24),SP.M18.2024.FE.ZS,..,..
OECD members,OED,Women who were first married by age 18 (% of women ages 20-24),SP.M18.2024.FE.ZS,..,..
Oman,OMN,Women who were first married by age 18 (% of women ages 20-24),SP.M18.2024.FE.ZS,..,..
Other small states,OSS,Women who were first married by age 18 (% of women ages 20-24),SP.M18.2024.FE.ZS,..,..
Pacific island small states,PSS,Women who were first married by age 18 (% of women ages 20-24),SP.M18.2024.FE.ZS,..,..
Pakistan,PAK,Women who were first married by age 18 (% of women ages 20-24),SP.M18.2024.FE.ZS,..,..
Palau,PLW,Women who were first married by age 18 (% of women ages 20-24),SP.M18.2024.FE.ZS,..,..
Panama,PAN,Women who were first married by age 18 (% of women ages 20-24),SP.M18.2024.FE.ZS,..,..
Papua New Guinea,PNG,Women who were first married by age 18 (% of women ages 20-24),SP.M18.2024.FE.ZS,21.3,..
Paraguay,PRY,Women who were first married by age 18 (% of women ages 20-24),SP.M18.2024.FE.ZS,..,..
Peru,PER,Women who were first married by age 18 (% of women ages 20-24),SP.M18.2024.FE.ZS,17.5,..
Philippines,PHL,Women who were first married by age 18 (% of women ages 20-24),SP.M18.2024.FE.ZS,..,..
Poland,POL,Women who were first married by age 18 (% of women ages 20-24),SP.M18.2024.FE.ZS,..,..
Portugal,PRT,Women who were first married by age 18 (% of women ages 20-24),SP.M18.2024.FE.ZS,..,..
Post-demographic dividend,PST,Women who were first married by age 18 (% of women ages 20-24),SP.M18.2024.FE.ZS,..,..
Pre-demographic dividend,PRE,Women who were first married by age 18 (% of women ages 20-24),SP.M18.2024.FE.ZS,..,..
Puerto Rico,PRI,Women who were first married by age 18 (% of women ages 20-24),SP.M18.2024.FE.ZS,..,..
Qatar,QAT,Women who were first married by age 18 (% of women ages 20-24),SP.M18.2024.FE.ZS,..,..
Romania,ROU,Women who were first married by age 18 (% of women ages 20-24),SP.M18.2024.FE.ZS,..,..
Russian Federation,RUS,Women who were first married by age 18 (% of women ages 20-24),SP.M18.2024.FE.ZS,..,..
Rwanda,RWA,Women who were first married by age 18 (% of women ages 20-24),SP.M18.2024.FE.ZS,..,..
Samoa,WSM,Women who were first married by age 18 (% of women ages 20-24),SP.M18.2024.FE.ZS,..,..
San Marino,SMR,Women who were first married by age 18 (% of women ages 20-24),SP.M18.2024.FE.ZS,..,..
Sao Tome and Principe,STP,Women who were first married by age 18 (% of women ages 20-24),SP.M18.2024.FE.ZS,33.4,..
Saudi Arabia,SAU,Women who were first married by age 18 (% of women ages 20-24),SP.M18.2024.FE.ZS,..,..
Senegal,SEN,Women who were first married by age 18 (% of women ages 20-24),SP.M18.2024.FE.ZS,..,31.5
Serbia,SRB,Women who were first married by age 18 (% of women ages 20-24),SP.M18.2024.FE.ZS,5.8,..
Seychelles,SYC,Women who were first married by age 18 (% of women ages 20-24),SP.M18.2024.FE.ZS,..,..
Sierra Leone,SLE,Women who were first married by age 18 (% of women ages 20-24),SP.M18.2024.FE.ZS,..,..
Singapore,SGP,Women who were first married by age 18 (% of women ages 20-24),SP.M18.2024.FE.ZS,..,..
Sint Maarten (Dutch part),SXM,Women who were first married by age 18 (% of women ages 20-24),SP.M18.2024.FE.ZS,..,..
Slovak Republic,SVK,Women who were first married by age 18 (% of women ages 20-24),SP.M18.2024.FE.ZS,..,..
Slovenia,SVN,Women who were first married by age 18 (% of women ages 20-24),SP.M18.2024.FE.ZS,..,..
Small states,SST,Women who were first married by age 18 (% of women ages 20-24),SP.M18.2024.FE.ZS,..,..
Solomon Islands,SLB,Women who were first married by age 18 (% of women ages 20-24),SP.M18.2024.FE.ZS,..,..
Somalia,SOM,Women who were first married by age 18 (% of women ages 20-24),SP.M18.2024.FE.ZS,45.3,..
South Africa,ZAF,Women who were first married by age 18 (% of women ages 20-24),SP.M18.2024.FE.ZS,..,..
South Asia,SAS,Women who were first married by age 18 (% of women ages 20-24),SP.M18.2024.FE.ZS,..,..
South Asia (IDA & IBRD),TSA,Women who were first married by age 18 (% of women ages 20-24),SP.M18.2024.FE.ZS,..,..
South Sudan,SSD,Women who were first married by age 18 (% of women ages 20-24),SP.M18.2024.FE.ZS,..,..
Spain,ESP,Women who were first married by age 18 (% of women ages 20-24),SP.M18.2024.FE.ZS,..,..
Sri Lanka,LKA,Women who were first married by age 18 (% of women ages 20-24),SP.M18.2024.FE.ZS,..,..
St. Kitts and Nevis,KNA,Women who were first married by age 18 (% of women ages 20-24),SP.M18.2024.FE.ZS,..,..
St. Lucia,LCA,Women who were first married by age 18 (% of women ages 20-24),SP.M18.2024.FE.ZS,..,..
St. Martin (French part),MAF,Women who were first married by age 18 (% of women ages 20-24),SP.M18.2024.FE.ZS,..,..
St. Vincent and the Grenadines,VCT,Women who were first married by age 18 (% of women ages 20-24),SP.M18.2024.FE.ZS,..,..
Sub-Saharan Africa,SSF,Women who were first married by age 18 (% of women ages 20-24),SP.M18.2024.FE.ZS,..,..
Sub-Saharan Africa (excluding high income),SSA,Women who were first married by age 18 (% of women ages 20-24),SP.M18.2024.FE.ZS,..,..
Sub-Saharan Africa (IDA & IBRD countries),TSS,Women who were first married by age 18 (% of women ages 20-24),SP.M18.2024.FE.ZS,..,..
Sudan,SDN,Women who were first married by age 18 (% of women ages 20-24),SP.M18.2024.FE.ZS,34,..
Suriname,SUR,Women who were first married by age 18 (% of women ages 20-24),SP.M18.2024.FE.ZS,19.1,..
Swaziland,SWZ,Women who were first married by age 18 (% of women ages 20-24),SP.M18.2024.FE.ZS,..,..
Sweden,SWE,Women who were first married by age 18 (% of women ages 20-24),SP.M18.2024.FE.ZS,..,..
Switzerland,CHE,Women who were first married by age 18 (% of women ages 20-24),SP.M18.2024.FE.ZS,..,..
Syrian Arab Republic,SYR,Women who were first married by age 18 (% of women ages 20-24),SP.M18.2024.FE.ZS,13.3,..
Tajikistan,TJK,Women who were first married by age 18 (% of women ages 20-24),SP.M18.2024.FE.ZS,..,..
Tanzania,TZA,Women who were first married by age 18 (% of women ages 20-24),SP.M18.2024.FE.ZS,..,30.5
Thailand,THA,Women who were first married by age 18 (% of women ages 20-24),SP.M18.2024.FE.ZS,19.6,..
Timor-Leste,TLS,Women who were first married by age 18 (% of women ages 20-24),SP.M18.2024.FE.ZS,..,..
Togo,TGO,Women who were first married by age 18 (% of women ages 20-24),SP.M18.2024.FE.ZS,24.3,..
Tonga,TON,Women who were first married by age 18 (% of women ages 20-24),SP.M18.2024.FE.ZS,..,..
Trinidad and Tobago,TTO,Women who were first married by age 18 (% of women ages 20-24),SP.M18.2024.FE.ZS,8.1,..
Tunisia,TUN,Women who were first married by age 18 (% of women ages 20-24),SP.M18.2024.FE.ZS,..,..
Turkey,TUR,Women who were first married by age 18 (% of women ages 20-24),SP.M18.2024.FE.ZS,..,..
Turkmenistan,TKM,Women who were first married by age 18 (% of women ages 20-24),SP.M18.2024.FE.ZS,7.3,..
Turks and Caicos Islands,TCA,Women who were first married by age 18 (% of women ages 20-24),SP.M18.2024.FE.ZS,..,..
Tuvalu,TUV,Women who were first married by age 18 (% of women ages 20-24),SP.M18.2024.FE.ZS,..,..
Uganda,UGA,Women who were first married by age 18 (% of women ages 20-24),SP.M18.2024.FE.ZS,46.3,..
Ukraine,UKR,Women who were first married by age 18 (% of women ages 20-24),SP.M18.2024.FE.ZS,..,..
United Arab Emirates,ARE,Women who were first married by age 18 (% of women ages 20-24),SP.M18.2024.FE.ZS,..,..
United Kingdom,GBR,Women who were first married by age 18 (% of women ages 20-24),SP.M18.2024.FE.ZS,..,..
United States,USA,Women who were first married by age 18 (% of women ages 20-24),SP.M18.2024.FE.ZS,..,..
Upper middle income,UMC,Women who were first married by age 18 (% of women ages 20-24),SP.M18.2024.FE.ZS,..,..
Uruguay,URY,Women who were first married by age 18 (% of women ages 20-24),SP.M18.2024.FE.ZS,..,..
Uzbekistan,UZB,Women who were first married by age 18 (% of women ages 20-24),SP.M18.2024.FE.ZS,7.2,..
Vanuatu,VUT,Women who were first married by age 18 (% of women ages 20-24),SP.M18.2024.FE.ZS,..,..
"Venezuela, RB",VEN,Women who were first married by age 18 (% of women ages 20-24),SP.M18.2024.FE.ZS,..,..
Vietnam,VNM,Women who were first married by age 18 (% of women ages 20-24),SP.M18.2024.FE.ZS,10.4,..
Virgin Islands (U.S.),VIR,Women who were first married by age 18 (% of women ages 20-24),SP.M18.2024.FE.ZS,..,..
West Bank and Gaza,PSE,Women who were first married by age 18 (% of women ages 20-24),SP.M18.2024.FE.ZS,..,..
World,WLD,Women who were first married by age 18 (% of women ages 20-24),SP.M18.2024.FE.ZS,..,..
"Yemen, Rep.",YEM,Women who were first married by age 18 (% of women ages 20-24),SP.M18.2024.FE.ZS,32.3,..
Zambia,ZMB,Women who were first married by age 18 (% of women ages 20-24),SP.M18.2024.FE.ZS,..,..
Zimbabwe,ZWE,Women who were first married by age 18 (% of women ages 20-24),SP.M18.2024.FE.ZS,33.6,..
,,,,,
,,,,,
,,,,,
Data from database: World Development Indicators,,,,,
Last Updated: 04/20/2018,,,,,