Series Name,Series Code,Country Name,Country Code,2011 [YR2011]
"Labor force participation rate for ages 15-24, female (%) (national estimate)",SL.TLF.ACTI.1524.FE.NE.ZS,Afghanistan,AFG,..
"Labor force participation rate for ages 15-24, female (%) (national estimate)",SL.TLF.ACTI.1524.FE.NE.ZS,Albania,ALB,36.06999969
"Labor force participation rate for ages 15-24, female (%) (national estimate)",SL.TLF.ACTI.1524.FE.NE.ZS,Algeria,DZA,..
"Labor force participation rate for ages 15-24, female (%) (national estimate)",SL.TLF.ACTI.1524.FE.NE.ZS,American Samoa,ASM,..
"Labor force participation rate for ages 15-24, female (%) (national estimate)",SL.TLF.ACTI.1524.FE.NE.ZS,Andorra,AND,..
"Labor force participation rate for ages 15-24, female (%) (national estimate)",SL.TLF.ACTI.1524.FE.NE.ZS,Angola,AGO,57.31999969
"Labor force participation rate for ages 15-24, female (%) (national estimate)",SL.TLF.ACTI.1524.FE.NE.ZS,Antigua and Barbuda,ATG,..
"Labor force participation rate for ages 15-24, female (%) (national estimate)",SL.TLF.ACTI.1524.FE.NE.ZS,Argentina,ARG,32.09000015
"Labor force participation rate for ages 15-24, female (%) (national estimate)",SL.TLF.ACTI.1524.FE.NE.ZS,Armenia,ARM,31.43000031
"Labor force participation rate for ages 15-24, female (%) (national estimate)",SL.TLF.ACTI.1524.FE.NE.ZS,Aruba,ABW,..
"Labor force participation rate for ages 15-24, female (%) (national estimate)",SL.TLF.ACTI.1524.FE.NE.ZS,Australia,AUS,67.47000122
"Labor force participation rate for ages 15-24, female (%) (national estimate)",SL.TLF.ACTI.1524.FE.NE.ZS,Austria,AUT,54.81000137
"Labor force participation rate for ages 15-24, female (%) (national estimate)",SL.TLF.ACTI.1524.FE.NE.ZS,Azerbaijan,AZE,32.24000168
"Labor force participation rate for ages 15-24, female (%) (national estimate)",SL.TLF.ACTI.1524.FE.NE.ZS,"Bahamas, The",BHS,..
"Labor force participation rate for ages 15-24, female (%) (national estimate)",SL.TLF.ACTI.1524.FE.NE.ZS,Bahrain,BHR,23.40999985
"Labor force participation rate for ages 15-24, female (%) (national estimate)",SL.TLF.ACTI.1524.FE.NE.ZS,Bangladesh,BGD,..
"Labor force participation rate for ages 15-24, female (%) (national estimate)",SL.TLF.ACTI.1524.FE.NE.ZS,Barbados,BRB,49.45000076
"Labor force participation rate for ages 15-24, female (%) (national estimate)",SL.TLF.ACTI.1524.FE.NE.ZS,Belarus,BLR,..
"Labor force participation rate for ages 15-24, female (%) (national estimate)",SL.TLF.ACTI.1524.FE.NE.ZS,Belgium,BEL,29.78000069
"Labor force participation rate for ages 15-24, female (%) (national estimate)",SL.TLF.ACTI.1524.FE.NE.ZS,Belize,BLZ,..
"Labor force participation rate for ages 15-24, female (%) (national estimate)",SL.TLF.ACTI.1524.FE.NE.ZS,Benin,BEN,47.34999847
"Labor force participation rate for ages 15-24, female (%) (national estimate)",SL.TLF.ACTI.1524.FE.NE.ZS,Bermuda,BMU,..
"Labor force participation rate for ages 15-24, female (%) (national estimate)",SL.TLF.ACTI.1524.FE.NE.ZS,Bhutan,BTN,40.27000046
"Labor force participation rate for ages 15-24, female (%) (national estimate)",SL.TLF.ACTI.1524.FE.NE.ZS,Bolivia,BOL,44.93000031
"Labor force participation rate for ages 15-24, female (%) (national estimate)",SL.TLF.ACTI.1524.FE.NE.ZS,Bosnia and Herzegovina,BIH,..
"Labor force participation rate for ages 15-24, female (%) (national estimate)",SL.TLF.ACTI.1524.FE.NE.ZS,Botswana,BWA,..
"Labor force participation rate for ages 15-24, female (%) (national estimate)",SL.TLF.ACTI.1524.FE.NE.ZS,Brazil,BRA,50.75
"Labor force participation rate for ages 15-24, female (%) (national estimate)",SL.TLF.ACTI.1524.FE.NE.ZS,British Virgin Islands,VGB,..
"Labor force participation rate for ages 15-24, female (%) (national estimate)",SL.TLF.ACTI.1524.FE.NE.ZS,Brunei Darussalam,BRN,..
"Labor force participation rate for ages 15-24, female (%) (national estimate)",SL.TLF.ACTI.1524.FE.NE.ZS,Bulgaria,BGR,24.80999947
"Labor force participation rate for ages 15-24, female (%) (national estimate)",SL.TLF.ACTI.1524.FE.NE.ZS,Burkina Faso,BFA,..
"Labor force participation rate for ages 15-24, female (%) (national estimate)",SL.TLF.ACTI.1524.FE.NE.ZS,Burundi,BDI,..
"Labor force participation rate for ages 15-24, female (%) (national estimate)",SL.TLF.ACTI.1524.FE.NE.ZS,Cabo Verde,CPV,..
"Labor force participation rate for ages 15-24, female (%) (national estimate)",SL.TLF.ACTI.1524.FE.NE.ZS,Cambodia,KHM,..
"Labor force participation rate for ages 15-24, female (%) (national estimate)",SL.TLF.ACTI.1524.FE.NE.ZS,Cameroon,CMR,..
"Labor force participation rate for ages 15-24, female (%) (national estimate)",SL.TLF.ACTI.1524.FE.NE.ZS,Canada,CAN,64.44999695
"Labor force participation rate for ages 15-24, female (%) (national estimate)",SL.TLF.ACTI.1524.FE.NE.ZS,Cayman Islands,CYM,53.91999817
"Labor force participation rate for ages 15-24, female (%) (national estimate)",SL.TLF.ACTI.1524.FE.NE.ZS,Central African Republic,CAF,..
"Labor force participation rate for ages 15-24, female (%) (national estimate)",SL.TLF.ACTI.1524.FE.NE.ZS,Chad,TCD,..
"Labor force participation rate for ages 15-24, female (%) (national estimate)",SL.TLF.ACTI.1524.FE.NE.ZS,Channel Islands,CHI,..
"Labor force participation rate for ages 15-24, female (%) (national estimate)",SL.TLF.ACTI.1524.FE.NE.ZS,Chile,CHL,32.11999893
"Labor force participation rate for ages 15-24, female (%) (national estimate)",SL.TLF.ACTI.1524.FE.NE.ZS,China,CHN,..
"Labor force participation rate for ages 15-24, female (%) (national estimate)",SL.TLF.ACTI.1524.FE.NE.ZS,Colombia,COL,44.00999832
"Labor force participation rate for ages 15-24, female (%) (national estimate)",SL.TLF.ACTI.1524.FE.NE.ZS,Comoros,COM,..
"Labor force participation rate for ages 15-24, female (%) (national estimate)",SL.TLF.ACTI.1524.FE.NE.ZS,"Congo, Dem. Rep.",COD,..
"Labor force participation rate for ages 15-24, female (%) (national estimate)",SL.TLF.ACTI.1524.FE.NE.ZS,"Congo, Rep.",COG,..
"Labor force participation rate for ages 15-24, female (%) (national estimate)",SL.TLF.ACTI.1524.FE.NE.ZS,Costa Rica,CRI,33.5
"Labor force participation rate for ages 15-24, female (%) (national estimate)",SL.TLF.ACTI.1524.FE.NE.ZS,Cote d'Ivoire,CIV,..
"Labor force participation rate for ages 15-24, female (%) (national estimate)",SL.TLF.ACTI.1524.FE.NE.ZS,Croatia,HRV,26.90999985
"Labor force participation rate for ages 15-24, female (%) (national estimate)",SL.TLF.ACTI.1524.FE.NE.ZS,Cuba,CUB,..
"Labor force participation rate for ages 15-24, female (%) (national estimate)",SL.TLF.ACTI.1524.FE.NE.ZS,Curacao,CUW,..
"Labor force participation rate for ages 15-24, female (%) (national estimate)",SL.TLF.ACTI.1524.FE.NE.ZS,Cyprus,CYP,36.58000183
"Labor force participation rate for ages 15-24, female (%) (national estimate)",SL.TLF.ACTI.1524.FE.NE.ZS,Czech Republic,CZE,24.12000084
"Labor force participation rate for ages 15-24, female (%) (national estimate)",SL.TLF.ACTI.1524.FE.NE.ZS,Denmark,DNK,67.08000183
"Labor force participation rate for ages 15-24, female (%) (national estimate)",SL.TLF.ACTI.1524.FE.NE.ZS,Djibouti,DJI,..
"Labor force participation rate for ages 15-24, female (%) (national estimate)",SL.TLF.ACTI.1524.FE.NE.ZS,Dominica,DMA,..
"Labor force participation rate for ages 15-24, female (%) (national estimate)",SL.TLF.ACTI.1524.FE.NE.ZS,Dominican Republic,DOM,29.82999992
"Labor force participation rate for ages 15-24, female (%) (national estimate)",SL.TLF.ACTI.1524.FE.NE.ZS,Ecuador,ECU,30.09000015
"Labor force participation rate for ages 15-24, female (%) (national estimate)",SL.TLF.ACTI.1524.FE.NE.ZS,"Egypt, Arab Rep.",EGY,16.71999931
"Labor force participation rate for ages 15-24, female (%) (national estimate)",SL.TLF.ACTI.1524.FE.NE.ZS,El Salvador,SLV,32.36999893
"Labor force participation rate for ages 15-24, female (%) (national estimate)",SL.TLF.ACTI.1524.FE.NE.ZS,Equatorial Guinea,GNQ,..
"Labor force participation rate for ages 15-24, female (%) (national estimate)",SL.TLF.ACTI.1524.FE.NE.ZS,Eritrea,ERI,..
"Labor force participation rate for ages 15-24, female (%) (national estimate)",SL.TLF.ACTI.1524.FE.NE.ZS,Estonia,EST,36.49000168
"Labor force participation rate for ages 15-24, female (%) (national estimate)",SL.TLF.ACTI.1524.FE.NE.ZS,Ethiopia,ETH,50.11999893
"Labor force participation rate for ages 15-24, female (%) (national estimate)",SL.TLF.ACTI.1524.FE.NE.ZS,Faroe Islands,FRO,..
"Labor force participation rate for ages 15-24, female (%) (national estimate)",SL.TLF.ACTI.1524.FE.NE.ZS,Fiji,FJI,26.34000015
"Labor force participation rate for ages 15-24, female (%) (national estimate)",SL.TLF.ACTI.1524.FE.NE.ZS,Finland,FIN,50.50999832
"Labor force participation rate for ages 15-24, female (%) (national estimate)",SL.TLF.ACTI.1524.FE.NE.ZS,France,FRA,34.52000046
"Labor force participation rate for ages 15-24, female (%) (national estimate)",SL.TLF.ACTI.1524.FE.NE.ZS,French Polynesia,PYF,..
"Labor force participation rate for ages 15-24, female (%) (national estimate)",SL.TLF.ACTI.1524.FE.NE.ZS,Gabon,GAB,..
"Labor force participation rate for ages 15-24, female (%) (national estimate)",SL.TLF.ACTI.1524.FE.NE.ZS,"Gambia, The",GMB,..
"Labor force participation rate for ages 15-24, female (%) (national estimate)",SL.TLF.ACTI.1524.FE.NE.ZS,Georgia,GEO,..
"Labor force participation rate for ages 15-24, female (%) (national estimate)",SL.TLF.ACTI.1524.FE.NE.ZS,Germany,DEU,49.95000076
"Labor force participation rate for ages 15-24, female (%) (national estimate)",SL.TLF.ACTI.1524.FE.NE.ZS,Ghana,GHA,..
"Labor force participation rate for ages 15-24, female (%) (national estimate)",SL.TLF.ACTI.1524.FE.NE.ZS,Gibraltar,GIB,..
"Labor force participation rate for ages 15-24, female (%) (national estimate)",SL.TLF.ACTI.1524.FE.NE.ZS,Greece,GRC,26.57999992
"Labor force participation rate for ages 15-24, female (%) (national estimate)",SL.TLF.ACTI.1524.FE.NE.ZS,Greenland,GRL,..
"Labor force participation rate for ages 15-24, female (%) (national estimate)",SL.TLF.ACTI.1524.FE.NE.ZS,Grenada,GRD,..
"Labor force participation rate for ages 15-24, female (%) (national estimate)",SL.TLF.ACTI.1524.FE.NE.ZS,Guam,GUM,44.70000076
"Labor force participation rate for ages 15-24, female (%) (national estimate)",SL.TLF.ACTI.1524.FE.NE.ZS,Guatemala,GTM,35.47000122
"Labor force participation rate for ages 15-24, female (%) (national estimate)",SL.TLF.ACTI.1524.FE.NE.ZS,Guinea,GIN,..
"Labor force participation rate for ages 15-24, female (%) (national estimate)",SL.TLF.ACTI.1524.FE.NE.ZS,Guinea-Bissau,GNB,..
"Labor force participation rate for ages 15-24, female (%) (national estimate)",SL.TLF.ACTI.1524.FE.NE.ZS,Guyana,GUY,..
"Labor force participation rate for ages 15-24, female (%) (national estimate)",SL.TLF.ACTI.1524.FE.NE.ZS,Haiti,HTI,..
"Labor force participation rate for ages 15-24, female (%) (national estimate)",SL.TLF.ACTI.1524.FE.NE.ZS,Honduras,HND,30.22999954
"Labor force participation rate for ages 15-24, female (%) (national estimate)",SL.TLF.ACTI.1524.FE.NE.ZS,"Hong Kong SAR, China",HKG,37.15999985
"Labor force participation rate for ages 15-24, female (%) (national estimate)",SL.TLF.ACTI.1524.FE.NE.ZS,Hungary,HUN,21.45999908
"Labor force participation rate for ages 15-24, female (%) (national estimate)",SL.TLF.ACTI.1524.FE.NE.ZS,Iceland,ISL,74.56999969
"Labor force participation rate for ages 15-24, female (%) (national estimate)",SL.TLF.ACTI.1524.FE.NE.ZS,India,IND,..
"Labor force participation rate for ages 15-24, female (%) (national estimate)",SL.TLF.ACTI.1524.FE.NE.ZS,Indonesia,IDN,37.27000046
"Labor force participation rate for ages 15-24, female (%) (national estimate)",SL.TLF.ACTI.1524.FE.NE.ZS,"Iran, Islamic Rep.",IRN,..
"Labor force participation rate for ages 15-24, female (%) (national estimate)",SL.TLF.ACTI.1524.FE.NE.ZS,Iraq,IRQ,..
"Labor force participation rate for ages 15-24, female (%) (national estimate)",SL.TLF.ACTI.1524.FE.NE.ZS,Ireland,IRL,40.34000015
"Labor force participation rate for ages 15-24, female (%) (national estimate)",SL.TLF.ACTI.1524.FE.NE.ZS,Isle of Man,IMN,53.02000046
"Labor force participation rate for ages 15-24, female (%) (national estimate)",SL.TLF.ACTI.1524.FE.NE.ZS,Israel,ISR,48.22999954
"Labor force participation rate for ages 15-24, female (%) (national estimate)",SL.TLF.ACTI.1524.FE.NE.ZS,Italy,ITA,22.79000092
"Labor force participation rate for ages 15-24, female (%) (national estimate)",SL.TLF.ACTI.1524.FE.NE.ZS,Jamaica,JAM,29.89999962
"Labor force participation rate for ages 15-24, female (%) (national estimate)",SL.TLF.ACTI.1524.FE.NE.ZS,Japan,JPN,42.79000092
"Labor force participation rate for ages 15-24, female (%) (national estimate)",SL.TLF.ACTI.1524.FE.NE.ZS,Jordan,JOR,..
"Labor force participation rate for ages 15-24, female (%) (national estimate)",SL.TLF.ACTI.1524.FE.NE.ZS,Kazakhstan,KAZ,..
"Labor force participation rate for ages 15-24, female (%) (national estimate)",SL.TLF.ACTI.1524.FE.NE.ZS,Kenya,KEN,..
"Labor force participation rate for ages 15-24, female (%) (national estimate)",SL.TLF.ACTI.1524.FE.NE.ZS,Kiribati,KIR,..
"Labor force participation rate for ages 15-24, female (%) (national estimate)",SL.TLF.ACTI.1524.FE.NE.ZS,"Korea, Dem. People’s Rep.",PRK,..
"Labor force participation rate for ages 15-24, female (%) (national estimate)",SL.TLF.ACTI.1524.FE.NE.ZS,"Korea, Rep.",KOR,30.10000038
"Labor force participation rate for ages 15-24, female (%) (national estimate)",SL.TLF.ACTI.1524.FE.NE.ZS,Kosovo,XKX,..
"Labor force participation rate for ages 15-24, female (%) (national estimate)",SL.TLF.ACTI.1524.FE.NE.ZS,Kuwait,KWT,..
"Labor force participation rate for ages 15-24, female (%) (national estimate)",SL.TLF.ACTI.1524.FE.NE.ZS,Kyrgyz Republic,KGZ,36.22999954
"Labor force participation rate for ages 15-24, female (%) (national estimate)",SL.TLF.ACTI.1524.FE.NE.ZS,Lao PDR,LAO,..
"Labor force participation rate for ages 15-24, female (%) (national estimate)",SL.TLF.ACTI.1524.FE.NE.ZS,Latvia,LVA,33.65000153
"Labor force participation rate for ages 15-24, female (%) (national estimate)",SL.TLF.ACTI.1524.FE.NE.ZS,Lebanon,LBN,..
"Labor force participation rate for ages 15-24, female (%) (national estimate)",SL.TLF.ACTI.1524.FE.NE.ZS,Lesotho,LSO,..
"Labor force participation rate for ages 15-24, female (%) (national estimate)",SL.TLF.ACTI.1524.FE.NE.ZS,Liberia,LBR,..
"Labor force participation rate for ages 15-24, female (%) (national estimate)",SL.TLF.ACTI.1524.FE.NE.ZS,Libya,LBY,..
"Labor force participation rate for ages 15-24, female (%) (national estimate)",SL.TLF.ACTI.1524.FE.NE.ZS,Liechtenstein,LIE,49.31000137
"Labor force participation rate for ages 15-24, female (%) (national estimate)",SL.TLF.ACTI.1524.FE.NE.ZS,Lithuania,LTU,24.07999992
"Labor force participation rate for ages 15-24, female (%) (national estimate)",SL.TLF.ACTI.1524.FE.NE.ZS,Luxembourg,LUX,23.36000061
"Labor force participation rate for ages 15-24, female (%) (national estimate)",SL.TLF.ACTI.1524.FE.NE.ZS,"Macao SAR, China",MAC,53.15000153
"Labor force participation rate for ages 15-24, female (%) (national estimate)",SL.TLF.ACTI.1524.FE.NE.ZS,"Macedonia, FYR",MKD,23.87999916
"Labor force participation rate for ages 15-24, female (%) (national estimate)",SL.TLF.ACTI.1524.FE.NE.ZS,Madagascar,MDG,..
"Labor force participation rate for ages 15-24, female (%) (national estimate)",SL.TLF.ACTI.1524.FE.NE.ZS,Malawi,MWI,..
"Labor force participation rate for ages 15-24, female (%) (national estimate)",SL.TLF.ACTI.1524.FE.NE.ZS,Malaysia,MYS,33.31000137
"Labor force participation rate for ages 15-24, female (%) (national estimate)",SL.TLF.ACTI.1524.FE.NE.ZS,Maldives,MDV,..
"Labor force participation rate for ages 15-24, female (%) (national estimate)",SL.TLF.ACTI.1524.FE.NE.ZS,Mali,MLI,..
"Labor force participation rate for ages 15-24, female (%) (national estimate)",SL.TLF.ACTI.1524.FE.NE.ZS,Malta,MLT,47.95999908
"Labor force participation rate for ages 15-24, female (%) (national estimate)",SL.TLF.ACTI.1524.FE.NE.ZS,Marshall Islands,MHL,..
"Labor force participation rate for ages 15-24, female (%) (national estimate)",SL.TLF.ACTI.1524.FE.NE.ZS,Mauritania,MRT,..
"Labor force participation rate for ages 15-24, female (%) (national estimate)",SL.TLF.ACTI.1524.FE.NE.ZS,Mauritius,MUS,36.50999832
"Labor force participation rate for ages 15-24, female (%) (national estimate)",SL.TLF.ACTI.1524.FE.NE.ZS,Mexico,MEX,33.25999832
"Labor force participation rate for ages 15-24, female (%) (national estimate)",SL.TLF.ACTI.1524.FE.NE.ZS,"Micronesia, Fed. Sts.",FSM,..
"Labor force participation rate for ages 15-24, female (%) (national estimate)",SL.TLF.ACTI.1524.FE.NE.ZS,Moldova,MDA,20.28000069
"Labor force participation rate for ages 15-24, female (%) (national estimate)",SL.TLF.ACTI.1524.FE.NE.ZS,Monaco,MCO,..
"Labor force participation rate for ages 15-24, female (%) (national estimate)",SL.TLF.ACTI.1524.FE.NE.ZS,Mongolia,MNG,27.32999992
"Labor force participation rate for ages 15-24, female (%) (national estimate)",SL.TLF.ACTI.1524.FE.NE.ZS,Montenegro,MNE,16.67000008
"Labor force participation rate for ages 15-24, female (%) (national estimate)",SL.TLF.ACTI.1524.FE.NE.ZS,Morocco,MAR,18.38999939
"Labor force participation rate for ages 15-24, female (%) (national estimate)",SL.TLF.ACTI.1524.FE.NE.ZS,Mozambique,MOZ,..
"Labor force participation rate for ages 15-24, female (%) (national estimate)",SL.TLF.ACTI.1524.FE.NE.ZS,Myanmar,MMR,..
"Labor force participation rate for ages 15-24, female (%) (national estimate)",SL.TLF.ACTI.1524.FE.NE.ZS,Namibia,NAM,..
"Labor force participation rate for ages 15-24, female (%) (national estimate)",SL.TLF.ACTI.1524.FE.NE.ZS,Nauru,NRU,..
"Labor force participation rate for ages 15-24, female (%) (national estimate)",SL.TLF.ACTI.1524.FE.NE.ZS,Nepal,NPL,..
"Labor force participation rate for ages 15-24, female (%) (national estimate)",SL.TLF.ACTI.1524.FE.NE.ZS,Netherlands,NLD,69.23000336
"Labor force participation rate for ages 15-24, female (%) (national estimate)",SL.TLF.ACTI.1524.FE.NE.ZS,New Caledonia,NCL,..
"Labor force participation rate for ages 15-24, female (%) (national estimate)",SL.TLF.ACTI.1524.FE.NE.ZS,New Zealand,NZL,56.06000137
"Labor force participation rate for ages 15-24, female (%) (national estimate)",SL.TLF.ACTI.1524.FE.NE.ZS,Nicaragua,NIC,..
"Labor force participation rate for ages 15-24, female (%) (national estimate)",SL.TLF.ACTI.1524.FE.NE.ZS,Niger,NER,59.22999954
"Labor force participation rate for ages 15-24, female (%) (national estimate)",SL.TLF.ACTI.1524.FE.NE.ZS,Nigeria,NGA,..
"Labor force participation rate for ages 15-24, female (%) (national estimate)",SL.TLF.ACTI.1524.FE.NE.ZS,Northern Mariana Islands,MNP,..
"Labor force participation rate for ages 15-24, female (%) (national estimate)",SL.TLF.ACTI.1524.FE.NE.ZS,Norway,NOR,56.61999893
"Labor force participation rate for ages 15-24, female (%) (national estimate)",SL.TLF.ACTI.1524.FE.NE.ZS,Oman,OMN,..
"Labor force participation rate for ages 15-24, female (%) (national estimate)",SL.TLF.ACTI.1524.FE.NE.ZS,Pakistan,PAK,19.06999969
"Labor force participation rate for ages 15-24, female (%) (national estimate)",SL.TLF.ACTI.1524.FE.NE.ZS,Palau,PLW,..
"Labor force participation rate for ages 15-24, female (%) (national estimate)",SL.TLF.ACTI.1524.FE.NE.ZS,Panama,PAN,29.32999992
"Labor force participation rate for ages 15-24, female (%) (national estimate)",SL.TLF.ACTI.1524.FE.NE.ZS,Papua New Guinea,PNG,..
"Labor force participation rate for ages 15-24, female (%) (national estimate)",SL.TLF.ACTI.1524.FE.NE.ZS,Paraguay,PRY,55.56999969
"Labor force participation rate for ages 15-24, female (%) (national estimate)",SL.TLF.ACTI.1524.FE.NE.ZS,Peru,PER,56.27999878
"Labor force participation rate for ages 15-24, female (%) (national estimate)",SL.TLF.ACTI.1524.FE.NE.ZS,Philippines,PHL,33.25
"Labor force participation rate for ages 15-24, female (%) (national estimate)",SL.TLF.ACTI.1524.FE.NE.ZS,Poland,POL,28.07999992
"Labor force participation rate for ages 15-24, female (%) (national estimate)",SL.TLF.ACTI.1524.FE.NE.ZS,Portugal,PRT,35.86999893
"Labor force participation rate for ages 15-24, female (%) (national estimate)",SL.TLF.ACTI.1524.FE.NE.ZS,Puerto Rico,PRI,19.10000038
"Labor force participation rate for ages 15-24, female (%) (national estimate)",SL.TLF.ACTI.1524.FE.NE.ZS,Qatar,QAT,30.35000038
"Labor force participation rate for ages 15-24, female (%) (national estimate)",SL.TLF.ACTI.1524.FE.NE.ZS,Romania,ROU,25.81999969
"Labor force participation rate for ages 15-24, female (%) (national estimate)",SL.TLF.ACTI.1524.FE.NE.ZS,Russian Federation,RUS,36.86000061
"Labor force participation rate for ages 15-24, female (%) (national estimate)",SL.TLF.ACTI.1524.FE.NE.ZS,Rwanda,RWA,..
"Labor force participation rate for ages 15-24, female (%) (national estimate)",SL.TLF.ACTI.1524.FE.NE.ZS,Samoa,WSM,..
"Labor force participation rate for ages 15-24, female (%) (national estimate)",SL.TLF.ACTI.1524.FE.NE.ZS,San Marino,SMR,..
"Labor force participation rate for ages 15-24, female (%) (national estimate)",SL.TLF.ACTI.1524.FE.NE.ZS,Sao Tome and Principe,STP,..
"Labor force participation rate for ages 15-24, female (%) (national estimate)",SL.TLF.ACTI.1524.FE.NE.ZS,Saudi Arabia,SAU,7.800000191
"Labor force participation rate for ages 15-24, female (%) (national estimate)",SL.TLF.ACTI.1524.FE.NE.ZS,Senegal,SEN,31.29999924
"Labor force participation rate for ages 15-24, female (%) (national estimate)",SL.TLF.ACTI.1524.FE.NE.ZS,Serbia,SRB,20.70999908
"Labor force participation rate for ages 15-24, female (%) (national estimate)",SL.TLF.ACTI.1524.FE.NE.ZS,Seychelles,SYC,48.65999985
"Labor force participation rate for ages 15-24, female (%) (national estimate)",SL.TLF.ACTI.1524.FE.NE.ZS,Sierra Leone,SLE,..
"Labor force participation rate for ages 15-24, female (%) (national estimate)",SL.TLF.ACTI.1524.FE.NE.ZS,Singapore,SGP,35.63999939
"Labor force participation rate for ages 15-24, female (%) (national estimate)",SL.TLF.ACTI.1524.FE.NE.ZS,Sint Maarten (Dutch part),SXM,..
"Labor force participation rate for ages 15-24, female (%) (national estimate)",SL.TLF.ACTI.1524.FE.NE.ZS,Slovak Republic,SVK,22.69000053
"Labor force participation rate for ages 15-24, female (%) (national estimate)",SL.TLF.ACTI.1524.FE.NE.ZS,Slovenia,SVN,32.31000137
"Labor force participation rate for ages 15-24, female (%) (national estimate)",SL.TLF.ACTI.1524.FE.NE.ZS,Solomon Islands,SLB,..
"Labor force participation rate for ages 15-24, female (%) (national estimate)",SL.TLF.ACTI.1524.FE.NE.ZS,Somalia,SOM,..
"Labor force participation rate for ages 15-24, female (%) (national estimate)",SL.TLF.ACTI.1524.FE.NE.ZS,South Africa,ZAF,23.48999977
"Labor force participation rate for ages 15-24, female (%) (national estimate)",SL.TLF.ACTI.1524.FE.NE.ZS,South Sudan,SSD,..
"Labor force participation rate for ages 15-24, female (%) (national estimate)",SL.TLF.ACTI.1524.FE.NE.ZS,Spain,ESP,39.20999908
"Labor force participation rate for ages 15-24, female (%) (national estimate)",SL.TLF.ACTI.1524.FE.NE.ZS,Sri Lanka,LKA,23.54000092
"Labor force participation rate for ages 15-24, female (%) (national estimate)",SL.TLF.ACTI.1524.FE.NE.ZS,St. Kitts and Nevis,KNA,..
"Labor force participation rate for ages 15-24, female (%) (national estimate)",SL.TLF.ACTI.1524.FE.NE.ZS,St. Lucia,LCA,..
"Labor force participation rate for ages 15-24, female (%) (national estimate)",SL.TLF.ACTI.1524.FE.NE.ZS,St. Martin (French part),MAF,..
"Labor force participation rate for ages 15-24, female (%) (national estimate)",SL.TLF.ACTI.1524.FE.NE.ZS,St. Vincent and the Grenadines,VCT,..
"Labor force participation rate for ages 15-24, female (%) (national estimate)",SL.TLF.ACTI.1524.FE.NE.ZS,Sudan,SDN,..
"Labor force participation rate for ages 15-24, female (%) (national estimate)",SL.TLF.ACTI.1524.FE.NE.ZS,Suriname,SUR,22.79000092
"Labor force participation rate for ages 15-24, female (%) (national estimate)",SL.TLF.ACTI.1524.FE.NE.ZS,Swaziland,SWZ,..
"Labor force participation rate for ages 15-24, female (%) (national estimate)",SL.TLF.ACTI.1524.FE.NE.ZS,Sweden,SWE,52.54000092
"Labor force participation rate for ages 15-24, female (%) (national estimate)",SL.TLF.ACTI.1524.FE.NE.ZS,Switzerland,CHE,67.88999939
"Labor force participation rate for ages 15-24, female (%) (national estimate)",SL.TLF.ACTI.1524.FE.NE.ZS,Syrian Arab Republic,SYR,..
"Labor force participation rate for ages 15-24, female (%) (national estimate)",SL.TLF.ACTI.1524.FE.NE.ZS,Tajikistan,TJK,..
"Labor force participation rate for ages 15-24, female (%) (national estimate)",SL.TLF.ACTI.1524.FE.NE.ZS,Tanzania,TZA,66.43000031
"Labor force participation rate for ages 15-24, female (%) (national estimate)",SL.TLF.ACTI.1524.FE.NE.ZS,Thailand,THA,39.59000015
"Labor force participation rate for ages 15-24, female (%) (national estimate)",SL.TLF.ACTI.1524.FE.NE.ZS,Timor-Leste,TLS,..
"Labor force participation rate for ages 15-24, female (%) (national estimate)",SL.TLF.ACTI.1524.FE.NE.ZS,Togo,TGO,64.23999786
"Labor force participation rate for ages 15-24, female (%) (national estimate)",SL.TLF.ACTI.1524.FE.NE.ZS,Tonga,TON,..
"Labor force participation rate for ages 15-24, female (%) (national estimate)",SL.TLF.ACTI.1524.FE.NE.ZS,Trinidad and Tobago,TTO,34.63000107
"Labor force participation rate for ages 15-24, female (%) (national estimate)",SL.TLF.ACTI.1524.FE.NE.ZS,Tunisia,TUN,20.59000015
"Labor force participation rate for ages 15-24, female (%) (national estimate)",SL.TLF.ACTI.1524.FE.NE.ZS,Turkey,TUR,26.18000031
"Labor force participation rate for ages 15-24, female (%) (national estimate)",SL.TLF.ACTI.1524.FE.NE.ZS,Turkmenistan,TKM,..
"Labor force participation rate for ages 15-24, female (%) (national estimate)",SL.TLF.ACTI.1524.FE.NE.ZS,Turks and Caicos Islands,TCA,..
"Labor force participation rate for ages 15-24, female (%) (national estimate)",SL.TLF.ACTI.1524.FE.NE.ZS,Tuvalu,TUV,..
"Labor force participation rate for ages 15-24, female (%) (national estimate)",SL.TLF.ACTI.1524.FE.NE.ZS,Uganda,UGA,..
"Labor force participation rate for ages 15-24, female (%) (national estimate)",SL.TLF.ACTI.1524.FE.NE.ZS,Ukraine,UKR,..
"Labor force participation rate for ages 15-24, female (%) (national estimate)",SL.TLF.ACTI.1524.FE.NE.ZS,United Arab Emirates,ARE,..
"Labor force participation rate for ages 15-24, female (%) (national estimate)",SL.TLF.ACTI.1524.FE.NE.ZS,United Kingdom,GBR,55.65999985
"Labor force participation rate for ages 15-24, female (%) (national estimate)",SL.TLF.ACTI.1524.FE.NE.ZS,United States,USA,53.27999878
"Labor force participation rate for ages 15-24, female (%) (national estimate)",SL.TLF.ACTI.1524.FE.NE.ZS,Uruguay,URY,46.38999939
"Labor force participation rate for ages 15-24, female (%) (national estimate)",SL.TLF.ACTI.1524.FE.NE.ZS,Uzbekistan,UZB,..
"Labor force participation rate for ages 15-24, female (%) (national estimate)",SL.TLF.ACTI.1524.FE.NE.ZS,Vanuatu,VUT,..
"Labor force participation rate for ages 15-24, female (%) (national estimate)",SL.TLF.ACTI.1524.FE.NE.ZS,"Venezuela, RB",VEN,30.11000061
"Labor force participation rate for ages 15-24, female (%) (national estimate)",SL.TLF.ACTI.1524.FE.NE.ZS,Vietnam,VNM,52.27000046
"Labor force participation rate for ages 15-24, female (%) (national estimate)",SL.TLF.ACTI.1524.FE.NE.ZS,Virgin Islands (U.S.),VIR,..
"Labor force participation rate for ages 15-24, female (%) (national estimate)",SL.TLF.ACTI.1524.FE.NE.ZS,West Bank and Gaza,PSE,9.75
"Labor force participation rate for ages 15-24, female (%) (national estimate)",SL.TLF.ACTI.1524.FE.NE.ZS,"Yemen, Rep.",YEM,..
"Labor force participation rate for ages 15-24, female (%) (national estimate)",SL.TLF.ACTI.1524.FE.NE.ZS,Zambia,ZMB,..
"Labor force participation rate for ages 15-24, female (%) (national estimate)",SL.TLF.ACTI.1524.FE.NE.ZS,Zimbabwe,ZWE,67.58999634
"Labor force participation rate for ages 15-24, female (%) (national estimate)",SL.TLF.ACTI.1524.FE.NE.ZS,Arab World,ARB,..
"Labor force participation rate for ages 15-24, female (%) (national estimate)",SL.TLF.ACTI.1524.FE.NE.ZS,Caribbean small states,CSS,31.12571186
"Labor force participation rate for ages 15-24, female (%) (national estimate)",SL.TLF.ACTI.1524.FE.NE.ZS,Central Europe and the Baltics,CEB,26.27930077
"Labor force participation rate for ages 15-24, female (%) (national estimate)",SL.TLF.ACTI.1524.FE.NE.ZS,Early-demographic dividend,EAR,..
"Labor force participation rate for ages 15-24, female (%) (national estimate)",SL.TLF.ACTI.1524.FE.NE.ZS,East Asia & Pacific,EAS,..
"Labor force participation rate for ages 15-24, female (%) (national estimate)",SL.TLF.ACTI.1524.FE.NE.ZS,East Asia & Pacific (excluding high income),EAP,..
"Labor force participation rate for ages 15-24, female (%) (national estimate)",SL.TLF.ACTI.1524.FE.NE.ZS,East Asia & Pacific (IDA & IBRD countries),TEA,..
"Labor force participation rate for ages 15-24, female (%) (national estimate)",SL.TLF.ACTI.1524.FE.NE.ZS,Euro area,EMU,39.0590378
"Labor force participation rate for ages 15-24, female (%) (national estimate)",SL.TLF.ACTI.1524.FE.NE.ZS,Europe & Central Asia,ECS,37.03425406
"Labor force participation rate for ages 15-24, female (%) (national estimate)",SL.TLF.ACTI.1524.FE.NE.ZS,Europe & Central Asia (excluding high income),ECA,31.64586534
"Labor force participation rate for ages 15-24, female (%) (national estimate)",SL.TLF.ACTI.1524.FE.NE.ZS,Europe & Central Asia (IDA & IBRD countries),TEC,31.26434329
"Labor force participation rate for ages 15-24, female (%) (national estimate)",SL.TLF.ACTI.1524.FE.NE.ZS,European Union,EUU,39.47538824
"Labor force participation rate for ages 15-24, female (%) (national estimate)",SL.TLF.ACTI.1524.FE.NE.ZS,Fragile and conflict affected situations,FCS,..
"Labor force participation rate for ages 15-24, female (%) (national estimate)",SL.TLF.ACTI.1524.FE.NE.ZS,Heavily indebted poor countries (HIPC),HPC,..
"Labor force participation rate for ages 15-24, female (%) (national estimate)",SL.TLF.ACTI.1524.FE.NE.ZS,High income,HIC,44.19532909
"Labor force participation rate for ages 15-24, female (%) (national estimate)",SL.TLF.ACTI.1524.FE.NE.ZS,IBRD only,IBD,..
"Labor force participation rate for ages 15-24, female (%) (national estimate)",SL.TLF.ACTI.1524.FE.NE.ZS,IDA & IBRD total,IBT,..
"Labor force participation rate for ages 15-24, female (%) (national estimate)",SL.TLF.ACTI.1524.FE.NE.ZS,IDA blend,IDB,..
"Labor force participation rate for ages 15-24, female (%) (national estimate)",SL.TLF.ACTI.1524.FE.NE.ZS,IDA only,IDX,..
"Labor force participation rate for ages 15-24, female (%) (national estimate)",SL.TLF.ACTI.1524.FE.NE.ZS,IDA total,IDA,..
"Labor force participation rate for ages 15-24, female (%) (national estimate)",SL.TLF.ACTI.1524.FE.NE.ZS,Late-demographic dividend,LTE,..
"Labor force participation rate for ages 15-24, female (%) (national estimate)",SL.TLF.ACTI.1524.FE.NE.ZS,Latin America & Caribbean,LCN,41.26412314
"Labor force participation rate for ages 15-24, female (%) (national estimate)",SL.TLF.ACTI.1524.FE.NE.ZS,Latin America & Caribbean (excluding high income),LAC,41.63346218
"Labor force participation rate for ages 15-24, female (%) (national estimate)",SL.TLF.ACTI.1524.FE.NE.ZS,Latin America & the Caribbean (IDA & IBRD countries),TLA,41.38353387
"Labor force participation rate for ages 15-24, female (%) (national estimate)",SL.TLF.ACTI.1524.FE.NE.ZS,Least developed countries: UN classification,LDC,..
"Labor force participation rate for ages 15-24, female (%) (national estimate)",SL.TLF.ACTI.1524.FE.NE.ZS,Low & middle income,LMY,..
"Labor force participation rate for ages 15-24, female (%) (national estimate)",SL.TLF.ACTI.1524.FE.NE.ZS,Low income,LIC,..
"Labor force participation rate for ages 15-24, female (%) (national estimate)",SL.TLF.ACTI.1524.FE.NE.ZS,Lower middle income,LMC,..
"Labor force participation rate for ages 15-24, female (%) (national estimate)",SL.TLF.ACTI.1524.FE.NE.ZS,Middle East & North Africa,MEA,..
"Labor force participation rate for ages 15-24, female (%) (national estimate)",SL.TLF.ACTI.1524.FE.NE.ZS,Middle East & North Africa (excluding high income),MNA,..
"Labor force participation rate for ages 15-24, female (%) (national estimate)",SL.TLF.ACTI.1524.FE.NE.ZS,Middle East & North Africa (IDA & IBRD countries),TMN,..
"Labor force participation rate for ages 15-24, female (%) (national estimate)",SL.TLF.ACTI.1524.FE.NE.ZS,Middle income,MIC,..
"Labor force participation rate for ages 15-24, female (%) (national estimate)",SL.TLF.ACTI.1524.FE.NE.ZS,North America,NAC,54.32783765
"Labor force participation rate for ages 15-24, female (%) (national estimate)",SL.TLF.ACTI.1524.FE.NE.ZS,Not classified,INX,..
"Labor force participation rate for ages 15-24, female (%) (national estimate)",SL.TLF.ACTI.1524.FE.NE.ZS,OECD members,OED,42.97812715
"Labor force participation rate for ages 15-24, female (%) (national estimate)",SL.TLF.ACTI.1524.FE.NE.ZS,Other small states,OSS,..
"Labor force participation rate for ages 15-24, female (%) (national estimate)",SL.TLF.ACTI.1524.FE.NE.ZS,Pacific island small states,PSS,..
"Labor force participation rate for ages 15-24, female (%) (national estimate)",SL.TLF.ACTI.1524.FE.NE.ZS,Post-demographic dividend,PST,47.09720002
"Labor force participation rate for ages 15-24, female (%) (national estimate)",SL.TLF.ACTI.1524.FE.NE.ZS,Pre-demographic dividend,PRE,..
"Labor force participation rate for ages 15-24, female (%) (national estimate)",SL.TLF.ACTI.1524.FE.NE.ZS,Small states,SST,..
"Labor force participation rate for ages 15-24, female (%) (national estimate)",SL.TLF.ACTI.1524.FE.NE.ZS,South Asia,SAS,..
"Labor force participation rate for ages 15-24, female (%) (national estimate)",SL.TLF.ACTI.1524.FE.NE.ZS,South Asia (IDA & IBRD),TSA,..
"Labor force participation rate for ages 15-24, female (%) (national estimate)",SL.TLF.ACTI.1524.FE.NE.ZS,Sub-Saharan Africa,SSF,..
"Labor force participation rate for ages 15-24, female (%) (national estimate)",SL.TLF.ACTI.1524.FE.NE.ZS,Sub-Saharan Africa (excluding high income),SSA,..
"Labor force participation rate for ages 15-24, female (%) (national estimate)",SL.TLF.ACTI.1524.FE.NE.ZS,Sub-Saharan Africa (IDA & IBRD countries),TSS,..
"Labor force participation rate for ages 15-24, female (%) (national estimate)",SL.TLF.ACTI.1524.FE.NE.ZS,Upper middle income,UMC,..
"Labor force participation rate for ages 15-24, female (%) (national estimate)",SL.TLF.ACTI.1524.FE.NE.ZS,World,WLD,..
"Unemployment, female (% of female labor force) (national estimate)",SL.UEM.TOTL.FE.NE.ZS,Afghanistan,AFG,16.45000076
"Unemployment, female (% of female labor force) (national estimate)",SL.UEM.TOTL.FE.NE.ZS,Albania,ALB,13.75
"Unemployment, female (% of female labor force) (national estimate)",SL.UEM.TOTL.FE.NE.ZS,Algeria,DZA,..
"Unemployment, female (% of female labor force) (national estimate)",SL.UEM.TOTL.FE.NE.ZS,American Samoa,ASM,..
"Unemployment, female (% of female labor force) (national estimate)",SL.UEM.TOTL.FE.NE.ZS,Andorra,AND,..
"Unemployment, female (% of female labor force) (national estimate)",SL.UEM.TOTL.FE.NE.ZS,Angola,AGO,7.710000038
"Unemployment, female (% of female labor force) (national estimate)",SL.UEM.TOTL.FE.NE.ZS,Antigua and Barbuda,ATG,..
"Unemployment, female (% of female labor force) (national estimate)",SL.UEM.TOTL.FE.NE.ZS,Argentina,ARG,8.489999771
"Unemployment, female (% of female labor force) (national estimate)",SL.UEM.TOTL.FE.NE.ZS,Armenia,ARM,19.61000061
"Unemployment, female (% of female labor force) (national estimate)",SL.UEM.TOTL.FE.NE.ZS,Aruba,ABW,7.800000191
"Unemployment, female (% of female labor force) (national estimate)",SL.UEM.TOTL.FE.NE.ZS,Australia,AUS,5.300000191
"Unemployment, female (% of female labor force) (national estimate)",SL.UEM.TOTL.FE.NE.ZS,Austria,AUT,4.579999924
"Unemployment, female (% of female labor force) (national estimate)",SL.UEM.TOTL.FE.NE.ZS,Azerbaijan,AZE,6.449999809
"Unemployment, female (% of female labor force) (national estimate)",SL.UEM.TOTL.FE.NE.ZS,"Bahamas, The",BHS,15.31000042
"Unemployment, female (% of female labor force) (national estimate)",SL.UEM.TOTL.FE.NE.ZS,Bahrain,BHR,4.059999943
"Unemployment, female (% of female labor force) (national estimate)",SL.UEM.TOTL.FE.NE.ZS,Bangladesh,BGD,..
"Unemployment, female (% of female labor force) (national estimate)",SL.UEM.TOTL.FE.NE.ZS,Barbados,BRB,12.52999973
"Unemployment, female (% of female labor force) (national estimate)",SL.UEM.TOTL.FE.NE.ZS,Belarus,BLR,0.600000024
"Unemployment, female (% of female labor force) (national estimate)",SL.UEM.TOTL.FE.NE.ZS,Belgium,BEL,7.179999828
"Unemployment, female (% of female labor force) (national estimate)",SL.UEM.TOTL.FE.NE.ZS,Belize,BLZ,..
"Unemployment, female (% of female labor force) (national estimate)",SL.UEM.TOTL.FE.NE.ZS,Benin,BEN,2.859999895
"Unemployment, female (% of female labor force) (national estimate)",SL.UEM.TOTL.FE.NE.ZS,Bermuda,BMU,..
"Unemployment, female (% of female labor force) (national estimate)",SL.UEM.TOTL.FE.NE.ZS,Bhutan,BTN,4.539999962
"Unemployment, female (% of female labor force) (national estimate)",SL.UEM.TOTL.FE.NE.ZS,Bolivia,BOL,2.660000086
"Unemployment, female (% of female labor force) (national estimate)",SL.UEM.TOTL.FE.NE.ZS,Bosnia and Herzegovina,BIH,29.86000061
"Unemployment, female (% of female labor force) (national estimate)",SL.UEM.TOTL.FE.NE.ZS,Botswana,BWA,..
"Unemployment, female (% of female labor force) (national estimate)",SL.UEM.TOTL.FE.NE.ZS,Brazil,BRA,9.079999924
"Unemployment, female (% of female labor force) (national estimate)",SL.UEM.TOTL.FE.NE.ZS,British Virgin Islands,VGB,..
"Unemployment, female (% of female labor force) (national estimate)",SL.UEM.TOTL.FE.NE.ZS,Brunei Darussalam,BRN,2.369999886
"Unemployment, female (% of female labor force) (national estimate)",SL.UEM.TOTL.FE.NE.ZS,Bulgaria,BGR,10.10999966
"Unemployment, female (% of female labor force) (national estimate)",SL.UEM.TOTL.FE.NE.ZS,Burkina Faso,BFA,..
"Unemployment, female (% of female labor force) (national estimate)",SL.UEM.TOTL.FE.NE.ZS,Burundi,BDI,..
"Unemployment, female (% of female labor force) (national estimate)",SL.UEM.TOTL.FE.NE.ZS,Cabo Verde,CPV,..
"Unemployment, female (% of female labor force) (national estimate)",SL.UEM.TOTL.FE.NE.ZS,Cambodia,KHM,..
"Unemployment, female (% of female labor force) (national estimate)",SL.UEM.TOTL.FE.NE.ZS,Cameroon,CMR,..
"Unemployment, female (% of female labor force) (national estimate)",SL.UEM.TOTL.FE.NE.ZS,Canada,CAN,7.010000229
"Unemployment, female (% of female labor force) (national estimate)",SL.UEM.TOTL.FE.NE.ZS,Cayman Islands,CYM,5.46999979
"Unemployment, female (% of female labor force) (national estimate)",SL.UEM.TOTL.FE.NE.ZS,Central African Republic,CAF,..
"Unemployment, female (% of female labor force) (national estimate)",SL.UEM.TOTL.FE.NE.ZS,Chad,TCD,..
"Unemployment, female (% of female labor force) (national estimate)",SL.UEM.TOTL.FE.NE.ZS,Channel Islands,CHI,..
"Unemployment, female (% of female labor force) (national estimate)",SL.UEM.TOTL.FE.NE.ZS,Chile,CHL,8.869999886
"Unemployment, female (% of female labor force) (national estimate)",SL.UEM.TOTL.FE.NE.ZS,China,CHN,..
"Unemployment, female (% of female labor force) (national estimate)",SL.UEM.TOTL.FE.NE.ZS,Colombia,COL,13.15999985
"Unemployment, female (% of female labor force) (national estimate)",SL.UEM.TOTL.FE.NE.ZS,Comoros,COM,..
"Unemployment, female (% of female labor force) (national estimate)",SL.UEM.TOTL.FE.NE.ZS,"Congo, Dem. Rep.",COD,..
"Unemployment, female (% of female labor force) (national estimate)",SL.UEM.TOTL.FE.NE.ZS,"Congo, Rep.",COG,..
"Unemployment, female (% of female labor force) (national estimate)",SL.UEM.TOTL.FE.NE.ZS,Costa Rica,CRI,12.76000023
"Unemployment, female (% of female labor force) (national estimate)",SL.UEM.TOTL.FE.NE.ZS,Cote d'Ivoire,CIV,..
"Unemployment, female (% of female labor force) (national estimate)",SL.UEM.TOTL.FE.NE.ZS,Croatia,HRV,13.72000027
"Unemployment, female (% of female labor force) (national estimate)",SL.UEM.TOTL.FE.NE.ZS,Cuba,CUB,3.50999999
"Unemployment, female (% of female labor force) (national estimate)",SL.UEM.TOTL.FE.NE.ZS,Curacao,CUW,..
"Unemployment, female (% of female labor force) (national estimate)",SL.UEM.TOTL.FE.NE.ZS,Cyprus,CYP,7.630000114
"Unemployment, female (% of female labor force) (national estimate)",SL.UEM.TOTL.FE.NE.ZS,Czech Republic,CZE,7.889999866
"Unemployment, female (% of female labor force) (national estimate)",SL.UEM.TOTL.FE.NE.ZS,Denmark,DNK,7.46999979
"Unemployment, female (% of female labor force) (national estimate)",SL.UEM.TOTL.FE.NE.ZS,Djibouti,DJI,..
"Unemployment, female (% of female labor force) (national estimate)",SL.UEM.TOTL.FE.NE.ZS,Dominica,DMA,..
"Unemployment, female (% of female labor force) (national estimate)",SL.UEM.TOTL.FE.NE.ZS,Dominican Republic,DOM,8.300000191
"Unemployment, female (% of female labor force) (national estimate)",SL.UEM.TOTL.FE.NE.ZS,Ecuador,ECU,4.269999981
"Unemployment, female (% of female labor force) (national estimate)",SL.UEM.TOTL.FE.NE.ZS,"Egypt, Arab Rep.",EGY,22.44000053
"Unemployment, female (% of female labor force) (national estimate)",SL.UEM.TOTL.FE.NE.ZS,El Salvador,SLV,3.410000086
"Unemployment, female (% of female labor force) (national estimate)",SL.UEM.TOTL.FE.NE.ZS,Equatorial Guinea,GNQ,..
"Unemployment, female (% of female labor force) (national estimate)",SL.UEM.TOTL.FE.NE.ZS,Eritrea,ERI,..
"Unemployment, female (% of female labor force) (national estimate)",SL.UEM.TOTL.FE.NE.ZS,Estonia,EST,11.57999992
"Unemployment, female (% of female labor force) (national estimate)",SL.UEM.TOTL.FE.NE.ZS,Ethiopia,ETH,25.69000053
"Unemployment, female (% of female labor force) (national estimate)",SL.UEM.TOTL.FE.NE.ZS,Faroe Islands,FRO,..
"Unemployment, female (% of female labor force) (national estimate)",SL.UEM.TOTL.FE.NE.ZS,Fiji,FJI,4.619999886
"Unemployment, female (% of female labor force) (national estimate)",SL.UEM.TOTL.FE.NE.ZS,Finland,FIN,7.099999905
"Unemployment, female (% of female labor force) (national estimate)",SL.UEM.TOTL.FE.NE.ZS,France,FRA,9.119999886
"Unemployment, female (% of female labor force) (national estimate)",SL.UEM.TOTL.FE.NE.ZS,French Polynesia,PYF,..
"Unemployment, female (% of female labor force) (national estimate)",SL.UEM.TOTL.FE.NE.ZS,Gabon,GAB,..
"Unemployment, female (% of female labor force) (national estimate)",SL.UEM.TOTL.FE.NE.ZS,"Gambia, The",GMB,..
"Unemployment, female (% of female labor force) (national estimate)",SL.UEM.TOTL.FE.NE.ZS,Georgia,GEO,13.14999962
"Unemployment, female (% of female labor force) (national estimate)",SL.UEM.TOTL.FE.NE.ZS,Germany,DEU,5.579999924
"Unemployment, female (% of female labor force) (national estimate)",SL.UEM.TOTL.FE.NE.ZS,Ghana,GHA,..
"Unemployment, female (% of female labor force) (national estimate)",SL.UEM.TOTL.FE.NE.ZS,Gibraltar,GIB,..
"Unemployment, female (% of female labor force) (national estimate)",SL.UEM.TOTL.FE.NE.ZS,Greece,GRC,21.51000023
"Unemployment, female (% of female labor force) (national estimate)",SL.UEM.TOTL.FE.NE.ZS,Greenland,GRL,9.600000381
"Unemployment, female (% of female labor force) (national estimate)",SL.UEM.TOTL.FE.NE.ZS,Grenada,GRD,..
"Unemployment, female (% of female labor force) (national estimate)",SL.UEM.TOTL.FE.NE.ZS,Guam,GUM,15.69999981
"Unemployment, female (% of female labor force) (national estimate)",SL.UEM.TOTL.FE.NE.ZS,Guatemala,GTM,6.760000229
"Unemployment, female (% of female labor force) (national estimate)",SL.UEM.TOTL.FE.NE.ZS,Guinea,GIN,..
"Unemployment, female (% of female labor force) (national estimate)",SL.UEM.TOTL.FE.NE.ZS,Guinea-Bissau,GNB,..
"Unemployment, female (% of female labor force) (national estimate)",SL.UEM.TOTL.FE.NE.ZS,Guyana,GUY,..
"Unemployment, female (% of female labor force) (national estimate)",SL.UEM.TOTL.FE.NE.ZS,Haiti,HTI,..
"Unemployment, female (% of female labor force) (national estimate)",SL.UEM.TOTL.FE.NE.ZS,Honduras,HND,6.309999943
"Unemployment, female (% of female labor force) (national estimate)",SL.UEM.TOTL.FE.NE.ZS,"Hong Kong SAR, China",HKG,2.789999962
"Unemployment, female (% of female labor force) (national estimate)",SL.UEM.TOTL.FE.NE.ZS,Hungary,HUN,10.97999954
"Unemployment, female (% of female labor force) (national estimate)",SL.UEM.TOTL.FE.NE.ZS,Iceland,ISL,6.210000038
"Unemployment, female (% of female labor force) (national estimate)",SL.UEM.TOTL.FE.NE.ZS,India,IND,..
"Unemployment, female (% of female labor force) (national estimate)",SL.UEM.TOTL.FE.NE.ZS,Indonesia,IDN,5.570000172
"Unemployment, female (% of female labor force) (national estimate)",SL.UEM.TOTL.FE.NE.ZS,"Iran, Islamic Rep.",IRN,20.94000053
"Unemployment, female (% of female labor force) (national estimate)",SL.UEM.TOTL.FE.NE.ZS,Iraq,IRQ,..
"Unemployment, female (% of female labor force) (national estimate)",SL.UEM.TOTL.FE.NE.ZS,Ireland,IRL,10.77000046
"Unemployment, female (% of female labor force) (national estimate)",SL.UEM.TOTL.FE.NE.ZS,Isle of Man,IMN,2.75999999
"Unemployment, female (% of female labor force) (national estimate)",SL.UEM.TOTL.FE.NE.ZS,Israel,ISR,6.949999809
"Unemployment, female (% of female labor force) (national estimate)",SL.UEM.TOTL.FE.NE.ZS,Italy,ITA,9.539999962
"Unemployment, female (% of female labor force) (national estimate)",SL.UEM.TOTL.FE.NE.ZS,Jamaica,JAM,17.20000076
"Unemployment, female (% of female labor force) (national estimate)",SL.UEM.TOTL.FE.NE.ZS,Japan,JPN,4.190000057
"Unemployment, female (% of female labor force) (national estimate)",SL.UEM.TOTL.FE.NE.ZS,Jordan,JOR,21.20000076
"Unemployment, female (% of female labor force) (national estimate)",SL.UEM.TOTL.FE.NE.ZS,Kazakhstan,KAZ,6.210000038
"Unemployment, female (% of female labor force) (national estimate)",SL.UEM.TOTL.FE.NE.ZS,Kenya,KEN,..
"Unemployment, female (% of female labor force) (national estimate)",SL.UEM.TOTL.FE.NE.ZS,Kiribati,KIR,..
"Unemployment, female (% of female labor force) (national estimate)",SL.UEM.TOTL.FE.NE.ZS,"Korea, Dem. People’s Rep.",PRK,..
"Unemployment, female (% of female labor force) (national estimate)",SL.UEM.TOTL.FE.NE.ZS,"Korea, Rep.",KOR,3.119999886
"Unemployment, female (% of female labor force) (national estimate)",SL.UEM.TOTL.FE.NE.ZS,Kosovo,XKX,..
"Unemployment, female (% of female labor force) (national estimate)",SL.UEM.TOTL.FE.NE.ZS,Kuwait,KWT,..
"Unemployment, female (% of female labor force) (national estimate)",SL.UEM.TOTL.FE.NE.ZS,Kyrgyz Republic,KGZ,9.850000381
"Unemployment, female (% of female labor force) (national estimate)",SL.UEM.TOTL.FE.NE.ZS,Lao PDR,LAO,..
"Unemployment, female (% of female labor force) (national estimate)",SL.UEM.TOTL.FE.NE.ZS,Latvia,LVA,13.80000019
"Unemployment, female (% of female labor force) (national estimate)",SL.UEM.TOTL.FE.NE.ZS,Lebanon,LBN,..
"Unemployment, female (% of female labor force) (national estimate)",SL.UEM.TOTL.FE.NE.ZS,Lesotho,LSO,..
"Unemployment, female (% of female labor force) (national estimate)",SL.UEM.TOTL.FE.NE.ZS,Liberia,LBR,..
"Unemployment, female (% of female labor force) (national estimate)",SL.UEM.TOTL.FE.NE.ZS,Libya,LBY,..
"Unemployment, female (% of female labor force) (national estimate)",SL.UEM.TOTL.FE.NE.ZS,Liechtenstein,LIE,3
"Unemployment, female (% of female labor force) (national estimate)",SL.UEM.TOTL.FE.NE.ZS,Lithuania,LTU,12.90999985
"Unemployment, female (% of female labor force) (national estimate)",SL.UEM.TOTL.FE.NE.ZS,Luxembourg,LUX,6.260000229
"Unemployment, female (% of female labor force) (national estimate)",SL.UEM.TOTL.FE.NE.ZS,"Macao SAR, China",MAC,2.180000067
"Unemployment, female (% of female labor force) (national estimate)",SL.UEM.TOTL.FE.NE.ZS,"Macedonia, FYR",MKD,30.79000092
"Unemployment, female (% of female labor force) (national estimate)",SL.UEM.TOTL.FE.NE.ZS,Madagascar,MDG,..
"Unemployment, female (% of female labor force) (national estimate)",SL.UEM.TOTL.FE.NE.ZS,Malawi,MWI,..
"Unemployment, female (% of female labor force) (national estimate)",SL.UEM.TOTL.FE.NE.ZS,Malaysia,MYS,3.319999933
"Unemployment, female (% of female labor force) (national estimate)",SL.UEM.TOTL.FE.NE.ZS,Maldives,MDV,..
"Unemployment, female (% of female labor force) (national estimate)",SL.UEM.TOTL.FE.NE.ZS,Mali,MLI,..
"Unemployment, female (% of female labor force) (national estimate)",SL.UEM.TOTL.FE.NE.ZS,Malta,MLT,7.130000114
"Unemployment, female (% of female labor force) (national estimate)",SL.UEM.TOTL.FE.NE.ZS,Marshall Islands,MHL,4.480000019
"Unemployment, female (% of female labor force) (national estimate)",SL.UEM.TOTL.FE.NE.ZS,Mauritania,MRT,..
"Unemployment, female (% of female labor force) (national estimate)",SL.UEM.TOTL.FE.NE.ZS,Mauritius,MUS,12.44999981
"Unemployment, female (% of female labor force) (national estimate)",SL.UEM.TOTL.FE.NE.ZS,Mexico,MEX,5.130000114
"Unemployment, female (% of female labor force) (national estimate)",SL.UEM.TOTL.FE.NE.ZS,"Micronesia, Fed. Sts.",FSM,..
"Unemployment, female (% of female labor force) (national estimate)",SL.UEM.TOTL.FE.NE.ZS,Moldova,MDA,5.590000153
"Unemployment, female (% of female labor force) (national estimate)",SL.UEM.TOTL.FE.NE.ZS,Monaco,MCO,..
"Unemployment, female (% of female labor force) (national estimate)",SL.UEM.TOTL.FE.NE.ZS,Mongolia,MNG,4.429999828
"Unemployment, female (% of female labor force) (national estimate)",SL.UEM.TOTL.FE.NE.ZS,Montenegro,MNE,20
"Unemployment, female (% of female labor force) (national estimate)",SL.UEM.TOTL.FE.NE.ZS,Morocco,MAR,10.22000027
"Unemployment, female (% of female labor force) (national estimate)",SL.UEM.TOTL.FE.NE.ZS,Mozambique,MOZ,..
"Unemployment, female (% of female labor force) (national estimate)",SL.UEM.TOTL.FE.NE.ZS,Myanmar,MMR,..
"Unemployment, female (% of female labor force) (national estimate)",SL.UEM.TOTL.FE.NE.ZS,Namibia,NAM,30.79999924
"Unemployment, female (% of female labor force) (national estimate)",SL.UEM.TOTL.FE.NE.ZS,Nauru,NRU,25.51000023
"Unemployment, female (% of female labor force) (national estimate)",SL.UEM.TOTL.FE.NE.ZS,Nepal,NPL,..
"Unemployment, female (% of female labor force) (national estimate)",SL.UEM.TOTL.FE.NE.ZS,Netherlands,NLD,5.409999847
"Unemployment, female (% of female labor force) (national estimate)",SL.UEM.TOTL.FE.NE.ZS,New Caledonia,NCL,..
"Unemployment, female (% of female labor force) (national estimate)",SL.UEM.TOTL.FE.NE.ZS,New Zealand,NZL,6.170000076
"Unemployment, female (% of female labor force) (national estimate)",SL.UEM.TOTL.FE.NE.ZS,Nicaragua,NIC,..
"Unemployment, female (% of female labor force) (national estimate)",SL.UEM.TOTL.FE.NE.ZS,Niger,NER,0.219999999
"Unemployment, female (% of female labor force) (national estimate)",SL.UEM.TOTL.FE.NE.ZS,Nigeria,NGA,24.29999924
"Unemployment, female (% of female labor force) (national estimate)",SL.UEM.TOTL.FE.NE.ZS,Northern Mariana Islands,MNP,..
"Unemployment, female (% of female labor force) (national estimate)",SL.UEM.TOTL.FE.NE.ZS,Norway,NOR,2.99000001
"Unemployment, female (% of female labor force) (national estimate)",SL.UEM.TOTL.FE.NE.ZS,Oman,OMN,..
"Unemployment, female (% of female labor force) (national estimate)",SL.UEM.TOTL.FE.NE.ZS,Pakistan,PAK,0.670000017
"Unemployment, female (% of female labor force) (national estimate)",SL.UEM.TOTL.FE.NE.ZS,Palau,PLW,..
"Unemployment, female (% of female labor force) (national estimate)",SL.UEM.TOTL.FE.NE.ZS,Panama,PAN,4.920000076
"Unemployment, female (% of female labor force) (national estimate)",SL.UEM.TOTL.FE.NE.ZS,Papua New Guinea,PNG,1.440000057
"Unemployment, female (% of female labor force) (national estimate)",SL.UEM.TOTL.FE.NE.ZS,Paraguay,PRY,7.920000076
"Unemployment, female (% of female labor force) (national estimate)",SL.UEM.TOTL.FE.NE.ZS,Peru,PER,9.489999771
"Unemployment, female (% of female labor force) (national estimate)",SL.UEM.TOTL.FE.NE.ZS,Philippines,PHL,3.829999924
"Unemployment, female (% of female labor force) (national estimate)",SL.UEM.TOTL.FE.NE.ZS,Poland,POL,10.39999962
"Unemployment, female (% of female labor force) (national estimate)",SL.UEM.TOTL.FE.NE.ZS,Portugal,PRT,13.03999996
"Unemployment, female (% of female labor force) (national estimate)",SL.UEM.TOTL.FE.NE.ZS,Puerto Rico,PRI,12.80000019
"Unemployment, female (% of female labor force) (national estimate)",SL.UEM.TOTL.FE.NE.ZS,Qatar,QAT,3.319999933
"Unemployment, female (% of female labor force) (national estimate)",SL.UEM.TOTL.FE.NE.ZS,Romania,ROU,6.460000038
"Unemployment, female (% of female labor force) (national estimate)",SL.UEM.TOTL.FE.NE.ZS,Russian Federation,RUS,6.090000153
"Unemployment, female (% of female labor force) (national estimate)",SL.UEM.TOTL.FE.NE.ZS,Rwanda,RWA,..
"Unemployment, female (% of female labor force) (national estimate)",SL.UEM.TOTL.FE.NE.ZS,Samoa,WSM,6.820000172
"Unemployment, female (% of female labor force) (national estimate)",SL.UEM.TOTL.FE.NE.ZS,San Marino,SMR,..
"Unemployment, female (% of female labor force) (national estimate)",SL.UEM.TOTL.FE.NE.ZS,Sao Tome and Principe,STP,..
"Unemployment, female (% of female labor force) (national estimate)",SL.UEM.TOTL.FE.NE.ZS,Saudi Arabia,SAU,19.20999908
"Unemployment, female (% of female labor force) (national estimate)",SL.UEM.TOTL.FE.NE.ZS,Senegal,SEN,13.40999985
"Unemployment, female (% of female labor force) (national estimate)",SL.UEM.TOTL.FE.NE.ZS,Serbia,SRB,23.70000076
"Unemployment, female (% of female labor force) (national estimate)",SL.UEM.TOTL.FE.NE.ZS,Seychelles,SYC,4.480000019
"Unemployment, female (% of female labor force) (national estimate)",SL.UEM.TOTL.FE.NE.ZS,Sierra Leone,SLE,..
"Unemployment, female (% of female labor force) (national estimate)",SL.UEM.TOTL.FE.NE.ZS,Singapore,SGP,4.320000172
"Unemployment, female (% of female labor force) (national estimate)",SL.UEM.TOTL.FE.NE.ZS,Sint Maarten (Dutch part),SXM,..
"Unemployment, female (% of female labor force) (national estimate)",SL.UEM.TOTL.FE.NE.ZS,Slovak Republic,SVK,13.63000011
"Unemployment, female (% of female labor force) (national estimate)",SL.UEM.TOTL.FE.NE.ZS,Slovenia,SVN,8.170000076
"Unemployment, female (% of female labor force) (national estimate)",SL.UEM.TOTL.FE.NE.ZS,Solomon Islands,SLB,..
"Unemployment, female (% of female labor force) (national estimate)",SL.UEM.TOTL.FE.NE.ZS,Somalia,SOM,..
"Unemployment, female (% of female labor force) (national estimate)",SL.UEM.TOTL.FE.NE.ZS,South Africa,ZAF,27.20999908
"Unemployment, female (% of female labor force) (national estimate)",SL.UEM.TOTL.FE.NE.ZS,South Sudan,SSD,..
"Unemployment, female (% of female labor force) (national estimate)",SL.UEM.TOTL.FE.NE.ZS,Spain,ESP,21.80999947
"Unemployment, female (% of female labor force) (national estimate)",SL.UEM.TOTL.FE.NE.ZS,Sri Lanka,LKA,6.849999905
"Unemployment, female (% of female labor force) (national estimate)",SL.UEM.TOTL.FE.NE.ZS,St. Kitts and Nevis,KNA,..
"Unemployment, female (% of female labor force) (national estimate)",SL.UEM.TOTL.FE.NE.ZS,St. Lucia,LCA,20.21999931
"Unemployment, female (% of female labor force) (national estimate)",SL.UEM.TOTL.FE.NE.ZS,St. Martin (French part),MAF,..
"Unemployment, female (% of female labor force) (national estimate)",SL.UEM.TOTL.FE.NE.ZS,St. Vincent and the Grenadines,VCT,..
"Unemployment, female (% of female labor force) (national estimate)",SL.UEM.TOTL.FE.NE.ZS,Sudan,SDN,..
"Unemployment, female (% of female labor force) (national estimate)",SL.UEM.TOTL.FE.NE.ZS,Suriname,SUR,12.40999985
"Unemployment, female (% of female labor force) (national estimate)",SL.UEM.TOTL.FE.NE.ZS,Swaziland,SWZ,..
"Unemployment, female (% of female labor force) (national estimate)",SL.UEM.TOTL.FE.NE.ZS,Sweden,SWE,7.71999979
"Unemployment, female (% of female labor force) (national estimate)",SL.UEM.TOTL.FE.NE.ZS,Switzerland,CHE,4.800000191
"Unemployment, female (% of female labor force) (national estimate)",SL.UEM.TOTL.FE.NE.ZS,Syrian Arab Republic,SYR,..
"Unemployment, female (% of female labor force) (national estimate)",SL.UEM.TOTL.FE.NE.ZS,Tajikistan,TJK,..
"Unemployment, female (% of female labor force) (national estimate)",SL.UEM.TOTL.FE.NE.ZS,Tanzania,TZA,4.289999962
"Unemployment, female (% of female labor force) (national estimate)",SL.UEM.TOTL.FE.NE.ZS,Thailand,THA,0.680000007
"Unemployment, female (% of female labor force) (national estimate)",SL.UEM.TOTL.FE.NE.ZS,Timor-Leste,TLS,..
"Unemployment, female (% of female labor force) (national estimate)",SL.UEM.TOTL.FE.NE.ZS,Togo,TGO,1.570000052
"Unemployment, female (% of female labor force) (national estimate)",SL.UEM.TOTL.FE.NE.ZS,Tonga,TON,..
"Unemployment, female (% of female labor force) (national estimate)",SL.UEM.TOTL.FE.NE.ZS,Trinidad and Tobago,TTO,4.010000229
"Unemployment, female (% of female labor force) (national estimate)",SL.UEM.TOTL.FE.NE.ZS,Tunisia,TUN,27.37000084
"Unemployment, female (% of female labor force) (national estimate)",SL.UEM.TOTL.FE.NE.ZS,Turkey,TUR,10.06999969
"Unemployment, female (% of female labor force) (national estimate)",SL.UEM.TOTL.FE.NE.ZS,Turkmenistan,TKM,..
"Unemployment, female (% of female labor force) (national estimate)",SL.UEM.TOTL.FE.NE.ZS,Turks and Caicos Islands,TCA,..
"Unemployment, female (% of female labor force) (national estimate)",SL.UEM.TOTL.FE.NE.ZS,Tuvalu,TUV,..
"Unemployment, female (% of female labor force) (national estimate)",SL.UEM.TOTL.FE.NE.ZS,Uganda,UGA,..
"Unemployment, female (% of female labor force) (national estimate)",SL.UEM.TOTL.FE.NE.ZS,Ukraine,UKR,6.840000153
"Unemployment, female (% of female labor force) (national estimate)",SL.UEM.TOTL.FE.NE.ZS,United Arab Emirates,ARE,..
"Unemployment, female (% of female labor force) (national estimate)",SL.UEM.TOTL.FE.NE.ZS,United Kingdom,GBR,7.340000153
"Unemployment, female (% of female labor force) (national estimate)",SL.UEM.TOTL.FE.NE.ZS,United States,USA,8.460000038
"Unemployment, female (% of female labor force) (national estimate)",SL.UEM.TOTL.FE.NE.ZS,Uruguay,URY,8.069999695
"Unemployment, female (% of female labor force) (national estimate)",SL.UEM.TOTL.FE.NE.ZS,Uzbekistan,UZB,..
"Unemployment, female (% of female labor force) (national estimate)",SL.UEM.TOTL.FE.NE.ZS,Vanuatu,VUT,..
"Unemployment, female (% of female labor force) (national estimate)",SL.UEM.TOTL.FE.NE.ZS,"Venezuela, RB",VEN,9.090000153
"Unemployment, female (% of female labor force) (national estimate)",SL.UEM.TOTL.FE.NE.ZS,Vietnam,VNM,0.899999976
"Unemployment, female (% of female labor force) (national estimate)",SL.UEM.TOTL.FE.NE.ZS,Virgin Islands (U.S.),VIR,..
"Unemployment, female (% of female labor force) (national estimate)",SL.UEM.TOTL.FE.NE.ZS,West Bank and Gaza,PSE,28.37000084
"Unemployment, female (% of female labor force) (national estimate)",SL.UEM.TOTL.FE.NE.ZS,"Yemen, Rep.",YEM,..
"Unemployment, female (% of female labor force) (national estimate)",SL.UEM.TOTL.FE.NE.ZS,Zambia,ZMB,..
"Unemployment, female (% of female labor force) (national estimate)",SL.UEM.TOTL.FE.NE.ZS,Zimbabwe,ZWE,5.989999771
"Unemployment, female (% of female labor force) (national estimate)",SL.UEM.TOTL.FE.NE.ZS,Arab World,ARB,..
"Unemployment, female (% of female labor force) (national estimate)",SL.UEM.TOTL.FE.NE.ZS,Caribbean small states,CSS,13.34099584
"Unemployment, female (% of female labor force) (national estimate)",SL.UEM.TOTL.FE.NE.ZS,Central Europe and the Baltics,CEB,9.88581745
"Unemployment, female (% of female labor force) (national estimate)",SL.UEM.TOTL.FE.NE.ZS,Early-demographic dividend,EAR,..
"Unemployment, female (% of female labor force) (national estimate)",SL.UEM.TOTL.FE.NE.ZS,East Asia & Pacific,EAS,..
"Unemployment, female (% of female labor force) (national estimate)",SL.UEM.TOTL.FE.NE.ZS,East Asia & Pacific (excluding high income),EAP,..
"Unemployment, female (% of female labor force) (national estimate)",SL.UEM.TOTL.FE.NE.ZS,East Asia & Pacific (IDA & IBRD countries),TEA,..
"Unemployment, female (% of female labor force) (national estimate)",SL.UEM.TOTL.FE.NE.ZS,Euro area,EMU,10.3381002
"Unemployment, female (% of female labor force) (national estimate)",SL.UEM.TOTL.FE.NE.ZS,Europe & Central Asia,ECS,8.730213482
"Unemployment, female (% of female labor force) (national estimate)",SL.UEM.TOTL.FE.NE.ZS,Europe & Central Asia (excluding high income),ECA,7.535001023
"Unemployment, female (% of female labor force) (national estimate)",SL.UEM.TOTL.FE.NE.ZS,Europe & Central Asia (IDA & IBRD countries),TEC,7.807376073
"Unemployment, female (% of female labor force) (national estimate)",SL.UEM.TOTL.FE.NE.ZS,European Union,EUU,9.6866153
"Unemployment, female (% of female labor force) (national estimate)",SL.UEM.TOTL.FE.NE.ZS,Fragile and conflict affected situations,FCS,..
"Unemployment, female (% of female labor force) (national estimate)",SL.UEM.TOTL.FE.NE.ZS,Heavily indebted poor countries (HIPC),HPC,..
"Unemployment, female (% of female labor force) (national estimate)",SL.UEM.TOTL.FE.NE.ZS,High income,HIC,8.03275255
"Unemployment, female (% of female labor force) (national estimate)",SL.UEM.TOTL.FE.NE.ZS,IBRD only,IBD,..
"Unemployment, female (% of female labor force) (national estimate)",SL.UEM.TOTL.FE.NE.ZS,IDA & IBRD total,IBT,..
"Unemployment, female (% of female labor force) (national estimate)",SL.UEM.TOTL.FE.NE.ZS,IDA blend,IDB,14.3305624
"Unemployment, female (% of female labor force) (national estimate)",SL.UEM.TOTL.FE.NE.ZS,IDA only,IDX,..
"Unemployment, female (% of female labor force) (national estimate)",SL.UEM.TOTL.FE.NE.ZS,IDA total,IDA,..
"Unemployment, female (% of female labor force) (national estimate)",SL.UEM.TOTL.FE.NE.ZS,Late-demographic dividend,LTE,..
"Unemployment, female (% of female labor force) (national estimate)",SL.UEM.TOTL.FE.NE.ZS,Latin America & Caribbean,LCN,8.352450002
"Unemployment, female (% of female labor force) (national estimate)",SL.UEM.TOTL.FE.NE.ZS,Latin America & Caribbean (excluding high income),LAC,8.317403878
"Unemployment, female (% of female labor force) (national estimate)",SL.UEM.TOTL.FE.NE.ZS,Latin America & the Caribbean (IDA & IBRD countries),TLA,8.40975438
"Unemployment, female (% of female labor force) (national estimate)",SL.UEM.TOTL.FE.NE.ZS,Least developed countries: UN classification,LDC,..
"Unemployment, female (% of female labor force) (national estimate)",SL.UEM.TOTL.FE.NE.ZS,Low & middle income,LMY,..
"Unemployment, female (% of female labor force) (national estimate)",SL.UEM.TOTL.FE.NE.ZS,Low income,LIC,..
"Unemployment, female (% of female labor force) (national estimate)",SL.UEM.TOTL.FE.NE.ZS,Lower middle income,LMC,..
"Unemployment, female (% of female labor force) (national estimate)",SL.UEM.TOTL.FE.NE.ZS,Middle East & North Africa,MEA,..
"Unemployment, female (% of female labor force) (national estimate)",SL.UEM.TOTL.FE.NE.ZS,Middle East & North Africa (excluding high income),MNA,..
"Unemployment, female (% of female labor force) (national estimate)",SL.UEM.TOTL.FE.NE.ZS,Middle East & North Africa (IDA & IBRD countries),TMN,..
"Unemployment, female (% of female labor force) (national estimate)",SL.UEM.TOTL.FE.NE.ZS,Middle income,MIC,..
"Unemployment, female (% of female labor force) (national estimate)",SL.UEM.TOTL.FE.NE.ZS,North America,NAC,8.300181106
"Unemployment, female (% of female labor force) (national estimate)",SL.UEM.TOTL.FE.NE.ZS,Not classified,INX,..
"Unemployment, female (% of female labor force) (national estimate)",SL.UEM.TOTL.FE.NE.ZS,OECD members,OED,7.935281875
"Unemployment, female (% of female labor force) (national estimate)",SL.UEM.TOTL.FE.NE.ZS,Other small states,OSS,..
"Unemployment, female (% of female labor force) (national estimate)",SL.UEM.TOTL.FE.NE.ZS,Pacific island small states,PSS,..
"Unemployment, female (% of female labor force) (national estimate)",SL.UEM.TOTL.FE.NE.ZS,Post-demographic dividend,PST,7.819888705
"Unemployment, female (% of female labor force) (national estimate)",SL.UEM.TOTL.FE.NE.ZS,Pre-demographic dividend,PRE,..
"Unemployment, female (% of female labor force) (national estimate)",SL.UEM.TOTL.FE.NE.ZS,Small states,SST,..
"Unemployment, female (% of female labor force) (national estimate)",SL.UEM.TOTL.FE.NE.ZS,South Asia,SAS,..
"Unemployment, female (% of female labor force) (national estimate)",SL.UEM.TOTL.FE.NE.ZS,South Asia (IDA & IBRD),TSA,..
"Unemployment, female (% of female labor force) (national estimate)",SL.UEM.TOTL.FE.NE.ZS,Sub-Saharan Africa,SSF,..
"Unemployment, female (% of female labor force) (national estimate)",SL.UEM.TOTL.FE.NE.ZS,Sub-Saharan Africa (excluding high income),SSA,..
"Unemployment, female (% of female labor force) (national estimate)",SL.UEM.TOTL.FE.NE.ZS,Sub-Saharan Africa (IDA & IBRD countries),TSS,..
"Unemployment, female (% of female labor force) (national estimate)",SL.UEM.TOTL.FE.NE.ZS,Upper middle income,UMC,..
"Unemployment, female (% of female labor force) (national estimate)",SL.UEM.TOTL.FE.NE.ZS,World,WLD,..